Med_CS-4740_1-14	Cho nên mặc dù là cái cái nồng độ bilirubin trong huyết tương nó giảm nha nhưng mà cái bilirubin và cái muối mật á nó vẫn còn gắn kết vào trong những cái tế bào.
Med_CS-3315-14	Nếu mà có những cái cơ quan từ vùng tiêu hóa thì mình đó có thể là mình đọc cái đó là u Krukenberg mình sẽ có những cái phương pháp điều trị khác nhau chứ không phải là mổ lấy khối u buồng trứng ra là hết đâu.
Med_CS-4045_1-1	và potio.
Med_CS-944-14	Thế như vậy thì nhà sản xuất ấy thì họ lại ra được một cái móc xích giữa các cái phân những các cái gốc carboxylic của HA và cái nhóm amin ở trong cái vùng cuộn dây của fibrinogen.
Med_CS-3407-1	Vào tháng 1 năm 2021, chúng tôi đã đến tỉnh Shiga với tư cách là thực tập sinh kỹ năng.
Med_CS-452-1	Khi mà tế bào gan bị tổn thương thì nó sẽ không chuyển hóa được sắc tố mật, tức là cái bilirubin,
Med_CS-919-4	It's also known as RNR. It's also known as ribonucleotide diphosphate reductase. It's just a more specific name because it acts on a ribonucleoside diphosphate.
Med_CS-3343-13	Tám, bệnh hạ cam, bệnh này do trực khuẩn Ducreyi gây ra.
Med_CS-1989-7	Đây đều là những thói quen tốt có thể phòng ngừa các loại vi sinh vật gây bệnh khác nhau, bao gồm cả Listeria.
Med_CS-2601-10	Thì chỉ định của Podophyllin thì được chỉ định để điều trị các cái u nhú lành tính như là hạt cơm, hạt cóc sinh dục, u xơ, condylom hay là sùi mào gà bên ngoài da nói chung.
Med_CS-2575-4	Nó bao gồm 19 axit amin, bao gồm glycine, proline và hydroxyproline.
Med_CS-1988-13	Và sau đây là top 5 loại thực phẩm dễ nhiễm loại vi khuẩn Listeria này.
Med_CS-269-11	alanin. Alanin là một axit amin thiết yếu đóng vai trò quan trọng trong việc nâng cao chất lượng sản phẩm nông nghiệp,
Med_CS-5027_3-16	Và các bạn sẽ thấy rằng là ngay cả khi cái test à phản ứng chéo tại giường nó hoàn toàn bình thường thì nó cũng hoàn toàn có khả năng gây ra một cái phản ứng nghiêm trọng khi các bạn truyền máu vào cho bệnh nhân nếu như nó có những cái bất đồng liên quan tới cái các cái nhóm máu phụ còn lại.
Med_CS-5007_3-9	Vậy hi vọng rằng là với mỗi đời sống của chúng ta đó có được cái phương tiện tốt đẹp như vậy chúng ta nên test rõ ràng.
Med_CS-486-1	Nội dung trong video này sẽ tìm hiểu về sản phẩm Esoprazole được sản xuất tại công ty liên doanh Meyer, BPC.
Med_CS-1426_1-47	Rồi các test cận lâm sàng ở bệnh viện thì người ta, bệnh viện tư á.
Med_CS-3200_2-1	Em đoán được có nhiều bệnh thì đây là những cái test để khẳng định bệnh xong người ta nói chuyện với chủ thôi.
Med_CS-5116_2-9	Bài test số 9 thì bạn sẽ bạn sẽ nằm xuống nhá, lại nằm xuống nhưng nằm ngửa.
Med_CS-2453_2-3	Có nhiều người hỏi tôi có làm được không? Xin thưa được, đào tạo cho đi để về làm cho đúng hay không. Thì câu trả lời là làm được nhưng không có tiền để mua cái test để làm.
Med_CS-5143_2-24	Cái thứ hai là trước phẫu thuật có một cái nghiên cứu về tiên lượng, test tiên lượng huyết khối tĩnh mạch trước phẫu thuật, tức là trước phẫu thuật bất cứ một cái phẫu thuật nào mình làm một cái test này để coi là bệnh nhân có khả năng bị huyết khối hay không.
Med_CS-3729-22	Quá trình tan máu liên quan đến yếu tố plasminogen. Plasminogen là một yếu tố tan máu ở dạng chưa hoạt động có mặt trong huyết tương và do gan sản xuất.
Med_CS-2453_2-1	Nhiều trường hợp tuy là nói rằng là nó có một cái đặc thù, nó có tăng, nhưng có lúc bạn test cái lúc đó nó không có tăng nên người ta lại không có tăng. Đó là cái thực tế ở bệnh viện Nhi Đồng 1.
Med_CS-76_1-18	Trevor đã phải liên tục ôm ghì tay đấm trẻ để tránh bị trúng.
Med_CS-2488-1	Thì tác nhân chính mà gây ra cái bệnh ghẻ trên nhóm cây bầu bí đó là một loại nấm. Nó tên là Cladosporium.
Med_CS-1511-19	Như trong phần ví dụ ở cái chỗ phần plasmit á thì tế bào tiếp nhận ADN mang gen cần chuyển thường được sử dụng là E.coli.
Med_CS-2955-2	như hội chứng Ehlers-Danlos, hội chứng Marfan hoặc là hội chứng Riley-Day.
Med_CS-1691-4	Cơ chế chủ yếu là Hydroxyurea ức chế sự kết hợp của thymidine vào DNA.
Med_CS-416-11	Hoặc là hội chứng Lesch-Nyhan hoặc là rối loạn chuyển hóa.
Med_CS-206-6	Trong axit hữu cơ có chứa 46,5% axit isocitric, 32,5% axit malic, 10,1% axit citric, 1% axit succinic.
Med_CS-2711-21	Chẩn đoán của một trong hai hội chứng, được xác nhận bằng cách tìm thấy nồng độ renin và aldosterone cao trong máu và nồng độ natri, chlorua và kali cao trong nước tiểu.
Med_CS-4169-13	famciclovir thường dùng để điều trị trong các đợt bùng phát.
Med_CS-2754-12	Nguyên nhân. Bệnh nhân mắc hội chứng Gilbert có một gen bị lỗi do đột biến gen dẫn đến sự hình thành men bilirubin UGT.
Med_CS-1987-4	Đối với phác đồ điều trị của Listeria monocytogenes thì mình theo mình đánh giá đây là một cái phác đồ điều trị đơn giản nhất.
Med_CS-1200-6	Suy tiến thượng thận là một tình trạng nghiêm trọng trong đó cơ thể không thể tạo ra đủ hocmon cortisol và đôi khi không thể tạo đủ aldosterone.
Med_CS-3940_2-7	Thứ nhất là phương pháp Halsted, mặc dù nó ít được áp dụng nữa nhưng vẫn phải trình bày tại vì nó là mang tính chất về y văn và một số nơi, một số bệnh nhân người ta vẫn áp dụng.
Med_CS-4567-10	Một nghiên cứu đã cho thấy sử dụng đương quy trên 1040 bệnh nhân nhồi máu não cấp đã cải thiện điểm số chức năng thần kinh và điểm số Barthel, thang đo lường tính tự chủ của bệnh nhân so với đan sâm.
Med_CS-1155-2	Bốn, thuốc kháng sinh, phát minh năm 1907, kỷ nguyên của thuốc kháng sinh bắt đầu với sự tổng hợp Salvarsan, nay được gọi là Arsphenamine, của Alfred Bertheim và Paul Ehrlich vào năm 1907.
Med_CS-5116_1-7	Bài test kiểm tra số hai này cũng là kiểm tra sự linh hoạt cho khớp vai của chúng ta.
Med_CS-130-12	Chính nhờ đặc tính của axit alginic giống thạch mà loại tảo này có khả năng hấp thụ nước và tăng kích cỡ lên gấp 25 đến 35 lần.
Med_CS-2861-4	Tá dược, lactose monohydrat, tinh bột ngô, Povidon K30, magnesi stearat.
Med_CS-1738-1	Rồi mời bạn Tiết Hòa trình bày về con Bacille de Koch.
Med_CS-662-15	Trong mật ong có mặt của rất nhiều enzym tiêu hóa đặc biệt là mật ong thô. Cụ thể là diastase, Amilaza, invertase, protease.
Med_CS-2764-10	Cái lựa chọn thứ ba là chúng ta có thể phối hợp với lại một cái thuốc kháng aldosterone.
Med_CS-1988-17	Khi ăn sống giá đỗ có thể dẫn tới ngộ độc thực phẩm do Samilo hay là Ecoli hoặc là Listeria.
Med_CS-4695-2	Tin rằng nhờ có tình yêu, anh ấy sẽ hồi phục nhanh thôi. Bộ phim ca phẫu thuật của Grey.
Med_CS-1167-31	Như vậy, chúng tôi đã trình bày rất cơ bản với các anh, các chị về hệ renin, Angiotensin, aldosterone.
Med_CS-4935-12	Đối với ca bệnh mắc nghi ngờ thì trong những tình huống bệnh nhân không có triệu chứng chúng ta làm test nhanh bất kỳ mà chúng ta có biểu hiện là dương tính thì chúng ta cũng có thể là nghi ngờ và chúng ta có thể lặp lại.
Med_CS-4748-2	Bài test này không thay cho chẩn đoán y khoa, nhưng giúp bạn nhận diện sớm và quyết định đi khám kịp thời.
Med_CS-3940_1-7	Ở cái phương pháp mổ mở thì điển hình và phổ biến nhất đó là phương pháp Lichtenstein.
Med_CS-4606-11	Và bây giờ khi chúng ta thử test xem động mạch quay có bị tắc nghẽn hay không thì chúng ta sẽ mở động mạch quay ra.
Med_CS-39-5	Các tính chất hóa sinh, oxidase cộng, Indole cộng, gluco cộng, sucrose cộng, mannose cộng, lactose, arabinose, H2S, urease.
Med_CS-2191_1-3	Và do hình dạng của chúng nên trong các xét nghiệm máu, vỏ virus rất hay bị nhầm lẫn với các loại xoắn khuẩn như vi khuẩn borrelia.
Med_CS-2857-4	Trẻ em từ 2 đến 12 tuổi. Phối hợp trong điều trị động kinh cục bộ hay toàn thể, bao gồm co cứng, co giật và co giật do hội chứng Lennox-Gastaut.
Med_CS-1708-2	This can lead to B-cell cancers or B-cell lymphomas, including both Hodgkin lymphoma and non-Hodgkin lymphoma, especially Burkitt lymphoma and primary central nervous system lymphoma.
Med_CS-484-1	Nội dung trong video này sẽ tìm hiểu về thuốc Amson Pack do Meyer BPC sản xuất.
Med_CS-4795_1-6	Tức là sao? Khi bạn có thể lên luyện tập ở cái hầu hết ở các ngưỡng mà bạn có thể nói chuyện được, đấy là một bài test đơn giản.
Med_CS-1879-11	Phương pháp trị liệt bằng microcourant của bác sĩ Võ Đăng Quang là một trong 33 công trình nghiên cứu được đề cử cho giải Galien, sẽ được công bố vào ngày 6 tháng 12 năm nay tại Paris.
Med_CS-2405_2-6	Và đối trường hợp mà trào ngược mà phải phẫu thuật á phải theo dõi lâu hơn. Mà chúng ta lưu ý rằng mình đừng nghĩ rằng làm Nissen là thành công hơn.
Med_CS-3670_3-1	Cắt Chopart là đi qua cái khớp chêm rồi hết gót hộp.
Med_CS-3260-1	Sán lá phổi do ký sinh trùng thuộc loài Paragonimus gây ra, thường lây nhiễm qua con đường tiêu hóa khi người bệnh ăn các loại hải sản như cua, tôm sống hoặc nấu chưa chín.
Med_CS-4847_1-11	Còn về vấn đề em bé thì cái khả năng bị bẩm sinh thì nó cao hơn, mình phải qua những cái test đặc biệt, có thể là phải lấy nước ối.
Med_CS-619-5	These proteins include matrix metalloproteinases, or MMPs, urokinase-type plasminogen activator, or UPA, and its receptor UPAR,
Med_CS-3660_1-7	Về sinh thiết da được chẩn đoán dùng như một cái chẩn đoán phân biệt hoặc là các cái test huyết thanh tự thân cũng được nhấn mạnh trong các cái điều trị à trong các cái chẩn đoán mày đay mạn tính vô căn.
Med_CS-552-7	Thì Procalcitonin á là một cái tiền chất của hocmon Calcitonin mà các hocmon Calcitonin này nó giúp điều hòa cái lượng canxi trong cơ thể.
Med_CS-2834-4	Mất khứu giác cũng có liên quan đến bệnh tiểu đường, hút thuốc lá, béo phì, tăng huyết áp hoặc hội chứng Kallmann.
Med_CS-4618-13	Một số hiếm trẻ sẽ có biểu hiện của hệ thần kinh trung ương bởi tình trạng viêm thân não Bickerstaff.
Med_CS-4406_3-17	Trước khi áp dụng bất cứ sản phẩm nào, hãy thực hiện test ra ở vùng kín như sau tai để đảm bảo không bị mẩn đỏ hay bong tróc quá mức.
Med_CS-4766_2-4	Tức là tổn thương lan sang sang sau rãnh Rolando đấy, hành hương đến thì ảnh hưởng đến thùy đỉnh.
Med_CS-453-15	Vàng da xảy ra khi nồng độ bilirubin trong máu tăng lên.
Med_CS-5217-4	Chỉ có điều là nó sẽ vi phạm cái tính gọi là đại diện ấy, cho nên là em sẽ không em sẽ không cần phải làm các cái test thống kê, không cần phải làm mô hình hồi quy, bởi vì là làm những cái đấy thì nó không có ý nghĩa.
Med_CS-412_2-3	Còn trong tế bào, trong tế bào thì hệ đệm phosphate là hệ đệm quan trọng nhất.
Med_CS-5116_2-16	Vừa rồi là 10 cái bài test kiểm tra toàn bộ cơ thể chúng ta, các vị trí từ cổ, cơ xương khớp và lưng thì bạn kiểm tra xem bạn đạt được bao nhiêu trong 10 cái tiêu chuẩn vừa rồi.
Med_CS-5116_1-13	Đó là bài test kiểm tra số năm. Nhá. Được bao nhiêu được được được bao nhiêu phần rồi?
Med_CS-4822_2-29	Thì tôi muốn nói với ông là cảm ơn ông rất nhiều vì đã ủng hộ Simon trong thời gian vừa qua.
Med_CS-5071-1	Vậy thì khi nào thì là bình thường với bé dưới 3 tháng tuổi, hay giật mình do phản xạ Moro là một phản xạ sinh lý tự nhiên và sẽ tự hết sau 4 đến 6 tháng.
Med_CS-5116_1-1	Rất nhiều người nghĩ rằng sức khỏe của mình hoàn toàn bình thường, thậm chí có rất nhiều các bạn trẻ, nhưng đến khi họ thực hiện 10 bài test kiểm tra xong mới phát hiện ra rằng mình đang bị gặp vấn đề về thoái hóa đốt sống cổ.
Med_CS-1988-1	Năm loại thực phẩm dễ nhiễm vi khuẩn Listeria khi thời tiết nóng.
Med_CS-77-5	Nhìn công thức hóa học của axit azelaic, chúng ta có thể nhận thấy đây là một axit khá là mạnh, có hai gốc carboxylic.
Med_CS-1987-13	Như vậy là đối với nhiễm khuẩn Listeria monocytogenes thì các bạn sẽ ưu tiên là Penicillin G hoặc là Ampicillin.
Med_CS-2626-6	Duchenne muscular dystrophy. What is the positive Gowers's sign? If you ask a normal person to stand up, they will just stand up.
Med_CS-4752_2-3	Chúng ta có một số test khác có thể kiểm tra bệnh lý rễ thần kinh cổ.
Med_CS-2754-23	Hội chứng Gilbert cần phân biệt với các bệnh gây tăng bilirubin tự do khác như tán huyết, bệnh gan cấp và mạn tính.
Med_CS-1988-12	Nhờ vào hệ thống miễn dịch bình thường chúng ta rất khó để nhiễm vi khuẩn Listeria hoặc có triệu chứng nhẹ.
Med_CS-4157-10	Thuốc được dùng liên tiếp sau phác đồ có chứa doxorubicin, được sử dụng trong điều trị hỗ trợ ung thư giai đoạn sớm, có hạch dương tính.
Med_CS-309_2-13	Chúng ta có thể nhìn lên trên này chúng ta có thể thấy ví dụ như kim năm 2014 thì theo định nghĩa của họ đó là trong nghiên cứu này đó là những chu kỳ trước, chu kỳ trước đó có cái khi thu noãn thì nó khoảng nhỏ hơn hoặc bằng 3.
Med_CS-2817-7	Tuy nhiên con số này đang tăng lên sau mỗi một năm thưa quý vị. Trở lại trước đó vào năm 2003 thì giáo sư là Nicolas Levy và những nhà nghiên cứu của viện sức khỏe National Institutes of Health
Med_CS-5124_1-37	Cái có được kết quả này là nhờ một cái nghiên cứu đa trung tâm từ năm 2005 đến 2014 với trung vị theo dõi 3 năm của tác giả Epstein.
Med_CS-3506-8	Chống tăng bilirubin huyết, 30 đến 60 mg, ba lần trên ngày.
Med_CS-1879-10	Trong khi giải Nobel dành cho những nghiên cứu y học cơ bản thì giải Galien đòi hỏi nghiên cứu đó phải được ứng dụng vào việc chữa trị.
Med_CS-5116_2-1	Thì đó là bài test số sáu.
Med_CS-5016-2	Chẩn đoán xác định đây là một trường hợp nhồi máu cơ tim cấp mức độ nặng Killip 4, đã có biến chứng ngừng tim ngoại viện.
Med_CS-1237-22	Antimycin A, ức chế complex III.
Med_CS-4974_3-6	Giống giáo trình của các em ở 1.7.5.2.1 đổ cái test đầu tiên.
Med_CS-3505-10	Chống tăng bilirubin huyết, 30 đến 60 mg, ba lần một ngày.
Med_CS-338-23	Vaccine Bacillus Calmette và Guérin, virus sống, vaccine virus cúm, virus sống, vaccine virus sởi.
Med_CS-4935-13	Thì ở đó cái nhóm bệnh nhân mà đủ điều kiện cách ly tại nhà và điều trị tại nhà thì sau cái thời gian cách ly điều trị đủ đây là 7 ngày đại ngày đối với cái phác đồ mới là 28 tháng 1 thì nếu chúng ta có cái kết quả xét nghiệm kháng nguyên test nhanh âm thì chúng ta có thể chẩn đoán và cho bệnh nhân ra viện.
Med_CS-2846-19	Hội chứng Kleine-Levin, viết tắt là KLS, hay hội chứng người đẹp ngủ.
Med_CS-2890-3	Trong 16 đề tài, đề tài kỹ thuật mổ điều trị biến dạng khuôn mặt nghiêm trọng, kèm rối loạn chức năng đa cơ quan ở bệnh nhân mắc hội chứng Melkersson Rosenthal, 15 năm không được chẩn đoán,
Med_CS-2754-17	Những người ăn chay sẽ làm gia tăng mức độ bilirubin không liên hợp huyết tương. Bệnh nhân bị các bệnh như nhiễm virus, nhiễm khuẩn.
Med_CS-3731-6	Thiết bị tiêm tự động liều duy nhất được thiết kế hệ thống đưa thuốc dạng vi cầu, phóng thích liên tục để cung cấp nồng độ trị liệu của hoạt chất Exenatide, giúp người bệnh đạt và duy trì trạng thái nồng độ ổn định.
Med_CS-1020-2	Một thành phần chính khác là peptit giàu proline, hoạt động chống lại vi rút, kháng khuẩn, chống viêm và điều hòa miễn dịch.
Med_CS-3266-21	Đây là một bệnh lây truyền nhưng nhưng thật không may là chúng ta không có dữ liệu chính quy về tỷ lệ lây nhiễm từ người mắc Chlamidia không có triệu chứng.
Med_CS-2124-3	Bệnh thận IGA đôi khi còn được gọi là bệnh Berger, là dạng bệnh thận phổ biến nhất trên toàn thế giới.
Med_CS-3275_1-8	Có hội chứng gì? Hội chứng thiếu máu đúng không? Hội chứng thiếu máu này, hội chứng gì? Phù này đúng không? Hội chứng nước tiểu, chúng ta có thể làm nặng hơn thì có thể bệnh nhân có có hội chứng tăng urê huyết.
Med_CS-754-7	Thì cái cái tiểu thể malpighi này thì nó bao gồm là là là là là hai thành phần, đó là bao Bowman và cuộn mạch.
Med_CS-4016_1-9	3. Đánh giá, đánh giá, đánh giá, test, test, test.
Med_CS-4736_1-15	Như thế nước tiểu bằng sộng này do tăng bilirubin từ một cái nguồn khác mà không phải là bứt tắc ở đường mật.
Med_CS-4925_1-4	y học gọi đây là thử nghiệm cửa sổ Schamroth hoặc ngón tay dùi trống,
Med_CS-2464_2-7	Khi điều trị liều cao và lâu dài trong bệnh ấu trùng sán lợn hoặc bệnh nang sán chó echinococcus.
Med_CS-1684-5	Còn Betaloc ZOK với thành phần Metoprolol succinate thì là dạng tác dụng kéo dài, do đó ngày chỉ dùng một lần và tốt nhất vào buổi sáng.
Med_CS-451_1-4	Và đối với cái bảng này thì chúng ta sẽ áp dụng cái kết quả của bilirubin toàn phần ha các bạn.
Med_CS-3763-28	Đặc biệt là vi khuẩn Listeria rất nguy hiểm đối với trẻ sơ sinh và phụ nữ mang thai, có thể dẫn đến viêm màng não.
Med_CS-1988-2	Vi khuẩn Listeria là một loại vi khuẩn nguy hiểm, gây ngộ độc cho người mắc phải.
Med_CS-219-3	Vì trong chè xanh có chất axit tanic khử được chất cồn trong rượu.
Med_CS-3116_3-1	Mình sẽ có một cái test ở bên ngoài để đánh giá là bệnh nhân này cái nồng độ vi trùng bao nhiêu.
Med_CS-3216_2-33	Bà Murray cảnh báo, tất cả những điều đó đã kết thúc, găng tay đã được tháo ra, không có sự hạn chế, không có sự kiểm tra nào đối với chính quyền này. Chúng ta đang bước vào một thời điểm rất nguy hiểm.
Med_CS-1987-1	Và cái phác đồ điều trị chuẩn đối với Listeria monocytogenes này và những cái tình huống các bạn có thể gặp
Med_CS-4454-22	À mình thấy ở đây và bên cái người dùng vitamine từ cam chanh, trái cây ở đây thì Yến tăng cường Yến sẽ cho vào thêm một cái lượng cam cam chanh vào đây nữa, chanh nữa.
Med_CS-1687-2	aldehyde, fatty acid oxit.
Med_CS-564-7	nó gắn toàn COHb tức là carboxyhemoglobin bởi vì nó ái lực lớn hơn, nó nhiều hơn thì cái tình trạng oxy ở mô không phải là không có nhưng nó sẽ yếu yếu yếu yếu đi rất là nhiều và thiếu rất là nhiều.
Med_CS-1057-10	Sản phẩm được tạo ra từ quá trình này được gọi là Hb bị glycosyl hóa. Thông thường để biểu thị chỉ số Hb đã bị glycosyl hóa,
Med_CS-3801-2	So với phương pháp phẫu thuật truyền thống Ravitch phải mổ mở để cắt xương ức và lớp sụn sườn bất thường của hai bên, để lại vết sẹo lớn gây mất thẩm mỹ và khiến bệnh nhân rất đau đớn.
Med_CS-5116_2-3	Bài test tiếp theo, chúng ta vẫn tiếp tục kiểm tra độ khỏe của phần lưng của mình, phần lưng của mình.
Med_CS-53_1-12	Được lấy từ cái việc mà các nhà nghiên cứu đã dựa trên cái việc mà tách huyết thanh nghiên cứu máu của loài khỉ Rhesus.
Med_CS-450_2-9	Và và vì bilirubin liên hợp nó khác cái thằng bilirubin không liên hợp lúc nãy là nó tan trong nước cho nên là là nó qua được màng lọc cầu thận và nó nó nó đào thải được qua nước tiểu.
Med_CS-3567-14	Đầu tiên là bethanechol, một là một thuốc kích thích cholinergic trực tiếp, chỉ hoạt động trên các receptor muscarinic, không có hoạt tính trên các receptor nicotinic.
Med_CS-1165-6	aldosterone lẫn Angiotensin 2 và khiến tăng huyết áp như các các hồng trước đã trình bày.
Med_CS-2023-6	Một nghiên cứu được thực hiện trên chuột bị sốt cho thấy, dịch chiết từ cây cỏ mần trầu liều 600 mg mỗi kg có tác dụng hạ sốt tương đương với liều điều trị bằng acetylsalicylic liều 100 mg mỗi kg.
Med_CS-1988-11	Thống kê cho thấy có khoảng 20% bệnh nhân nhiễm khuẩn Listeria tử vong.
Med_CS-1168-2	Nếu mà chúng ta sử dụng kháng aldosterone á, à cái đại diện là Spironolactone á là nó nó là cái thuốc kháng aldosterone.
Med_CS-3534-11	chức năng corticotropin. Nếu điều trị bằng corticosteron phải được duy trì ở liều dưới 5 mg tương đương prednisone mỗi ngày.
Med_CS-2578-5	Độc tố trong cánh hoa Đỗ quyên gồm andromedotoxin và Abutin glucoside.
Med_CS-491-2	Thoát vị đĩa đệm vào trong thân đốt, thoát vị Schmorl, loãng xương độ 3,
Med_CS-3359_2-11	Còn ducreyi này chỉ cần một trong hai cái không phải cả hai.
Med_CS-4768_2-1	Đấy đó là À bây giờ mình có một cái câu hỏi đó là ruột thừa viêm gặp cao nhất ở độ tuổi nào? Đấy. thử test lại một tí xem.
Med_CS-1747-4	của cái sự căng dạ dày và có sự có mặt của polypeptid trong dạ dày.
Med_CS-3216_2-32	Bà Murray nói, những gì mà các bên tranh tụng cá nhân sẽ phải làm là đi đến mọi quận trong đất nước này để tranh tụng, để ngăn chặn chính quyền trên đường đi của nó hoặc bằng cách nào đó tìm thấy một luật sư sẵn sàng chấp nhận thách thức thực hiện một vụ kiện tập thể.
Med_CS-4935-15	thì chúng ta có thể kết hợp hoặc là chúng ta sử dụng bằng xét nghiệm kháng nguyên test nhanh âm tính.
Med_CS-2372-4	Thì để cách nhận biết da hỗn hợp thì như thế nào? Trước khi chúng ta ngủ dậy ấy thì chúng ta dùng giấy giấy thấm dầu chúng ta test đúng không nào?
Med_CS-4141-2	Bệnh ổn định và điều trị Fosamax. Fosamax là cái thuốc chống loãng xương.
Med_CS-3446-10	Không, tôi không biết. Có test có xét nghiệm mới sao?
Med_CS-4732-17	24 ca là trường hợp phát hiện thông qua xét nghiệm sàng lọc cộng đồng bằng test nhanh dương tính.
Med_CS-975-6	Tôi có cần thử BRCA không, một và hai không?
Med_CS-450_2-12	Vàng da thì cơ bản là là là là là là là là nó nó nó có sự tăng cái bilirubin ở trong máu.
Med_CS-5027_3-26	Còn trong bối cảnh bệnh nhân không được truyền máu, mà bệnh nhân vào viện vì một cái bối cảnh trước đây chưa từng truyền máu và bây giờ thì cái test cung nó dương thì chúng ta có thể chắc chắn khẳng định rằng bệnh nhân này là một cái bệnh nhân liên quan đến một cái rối loạn miễn dịch.
Med_CS-61-3	Rolando Perez Rodriguez là giám đốc nghiên cứu và phát triển của BioCubaFarma.
Med_CS-1167-34	Chúng tôi sẽ tiếp tục với các clip về cơ chế tác động của thuốc ức chế thụ thể lên hệ renin Angiotensin aldosterone và ứng dụng trong thực hành lâm sàng của một số loại thuốc ức chế thụ thể phổ biến. Xin cảm ơn.
Med_CS-2575-5	Trứng chứa proline, một loại axit amin giúp tăng lượng collagen trong cơ thể, tăng sức mạnh cơ bắp.
Med_CS-222-10	Cua và quả hồng. Với hàm lượng acid tanic trong quả hồng có thể sẽ khiến cho dạ dày của bạn cảm thấy chứng khó tiêu, buồn nôn hoặc đau bụng khi dùng kèm với thịt cua hoặc tráng miệng sau khi dùng các món ăn làm từ thịt cua.
Med_CS-1482_2-3	Nôm na là gì anh chị? Nôm na là các anh chị cứ lấy cái bột mỡ đó ra mắt đó, chúng ta bỏ vô cái dung môi, dung môi đây là pepton thịt.
Med_CS-4740_1-13	Cái cái bilirubin này nó có ái lực với cái mô tế bào dưới da nhiều lắm.
Med_CS-406-9	Ayuric điều trị Gút theo hai cơ chế. Thứ nhất là làm giảm acid uric bằng cách ức chế enzyme xanthine oxidase.
Med_CS-1656-1	Đặc biệt, theo nghiên cứu từ các nhà khoa học Brazil, polyphenol và theobromine trong cacao có thể giúp giảm bớt những ảnh hưởng xấu của bệnh tiểu đường đến sức khỏe.
Med_CS-2024-5	Staphylococcus, Corynebacterium, Pseudomonas, aeruginosa, Salmonella, choleraesuis.
Med_CS-3116_2-12	Cái thứ hai nữa là không có xâm lấn là mình dùng test hơi thở.
Med_CS-2501-9	Blastomyces dermatitidis, Candida SPP, Coccidioides immitis.
Med_CS-692-1	Haller trở lại ngoạn mục sau khi bị ung thư.
Med_CS-192_2-6	Rồi, gì nữa nhỉ? linolenic. Đấy, Linolenic.
Med_CS-2441_3-3	Phản ứng dị ứng lao là một cái phản ứng mà có tên đúng của nó chính là phương pháp Mantoux và Mantoux phát minh ra vào năm 1908.
Med_CS-4295_1-3	Hoàng Kỳ, tiếng Anh là Astragalus.
Med_CS-4980-8	Trong đợt này thì cái test đó sẽ được làm trong vòng 24 giờ đầu tiên khi bệnh nhân vào viện.
Med_CS-3297-3	Cho nên thông thường là chúng tôi phải test thì chúng tôi mới chẩn đoán ra được.
Med_CS-450_1-21	Ví dụ như là trong gan thì bilirubin tự do hay gọi là bilirubin không liên hợp ấy sẽ được kết hợp với các axit
Med_CS-3533-16	Những bệnh nhân có tiền sử co giật, giữ nước có thể nhìn thấy được, thiếu hụt Argininosuccinate lyase di truyền, những bệnh nhân bị thiếu hụt carbamoyl phosphate synthetase di truyền,
Med_CS-4052-10	Suy tuyến thượng thận cấp có thể xảy ra khi ngưng sử dụng thuốc prednison đột ngột sau thời gian dài điều trị hoặc khi có căng thẳng.
Med_CS-2525-8	Đối với lại thể alpha thalassemia thì nặng nhất là khi mất cả bốn gen alpha thì sẽ gây nên hội chứng HB Bart, gây nên phù thai khi mà thai còn ngay trong bụng mẹ.
Med_CS-2833-9	Hút thuốc lá, béo phì, tăng huyết áp hoặc hội chứng Kallmann.
Med_CS-2187-2	Xuất huyết võng mạc xảy ra do nhiều nguyên nhân khác nhau, nhưng phần lớn là do các bệnh lý về mạch máu của võng mạc như cận thị nặng, tăng huyết áp, bệnh tiểu đường, bệnh thoái hóa hoàng điểm tuổi già, bệnh Eales, chấn thương mắt.
Med_CS-2171_2-18	Grover thì tổn thương của nó là những cái giáp sẩn đỏ mụn nước ở thân mình.
Med_CS-1167-2	Trong các nhóm thuốc tác động lên hệ renin, Angiotensin, aldosterone có bao gồm nhóm thuốc ức chế men chuyển.
Med_CS-982-12	Hội chứng McCune-Albright có thể ảnh hưởng đến mọi lứa tuổi và ở cả hai giới.
Med_CS-4946-2	như vậy thì chúng ta sẽ nên thực hiện hai cái test hai xét nghiệm đó như thế nào.
Med_CS-5113-1	Bài test kiểm tra sức khỏe, kiểm tra ngay, tránh bệnh chờ nặng.
Med_CS-3315-2	Như các bạn cũng đã biết thì cái khối U Krukenberg đó là những cái khối U mà di căn đến buồng trứng.
Med_CS-5173-12	roentgen nhận thấy rằng ông đã quên tắt một ống chân không đi.
Med_CS-4383_4-38	Đặc biệt là các loại ngũ cốc nguyên hạt chứa các hợp chất gọi là phytate. Phytate có thể liên kết với sắt và làm giảm khả năng hấp thụ sắt ở trong ruột.
Med_CS-407-5	Đặc biệt, có một số thành phần trong lá tía tô có tác dụng ức chế enzyme xanthine oxidase, là một loại enzyme đóng vai trò trong thúc đẩy hình thành axit uric trong cơ thể.
Med_CS-4983_2-19	Đó là dùng cái test nâng ghế trong vòng 1 phút, đối với test này thì làm trong vòng khoảng 1 phút thôi cộng với lại là thêm thời gian sau đó 1 phút để mà nghỉ ngơi để hồi phục á.
Med_CS-453-5	Trong khi đó, biliverdin được khử thành bilirubin tự do.
Med_CS-5173-17	roentgen nhận ra rằng anh ấy đã tìm thấy một loại tia mới vô hình với mắt người nhưng có thể thấp sáng bất cứ thứ gì.
Med_CS-1988-18	chính để ngăn ngừa loại vi khuẩn Listeria là áp dụng các kỹ thuật vệ sinh thực phẩm tốt để ngăn chặn vi khuẩn Listeria trong thực phẩm, bạn nên
Med_CS-451_2-14	Nếu mà kết quả xét nghiệm bilirubin toàn phần của bệnh nhân là 20, như vậy là nó cao hơn 18, vậy là bệnh nhân đủ chuẩn để chiếu đèn ngắt quãng nha các bạn.
Med_CS-5007_2-17	Vậy là nếu mà trong gia đình chúng ta có những người đã bị ung thư trước rồi thì chúng ta nên test sớm hơn để khám phá ra được cái cái cái bứu.
Med_CS-4076_2-11	thì người ta rất hay dùng cái lợi tiểu là kháng aldosterone này. Đấy, kháng aldosteron.
Med_CS-1947-10	Rồi đến axit caprylic nó diệt nấm Candida, diệt tế bào ung thư. Rất hay, vô cùng hiệu quả.
Med_CS-556-4	Kayexalate chứa natri polystyrene sulfonate có chứa các nguyên tử natri. Natri này được trao đổi với kali trong cơ thể ngăn ngừa sự hấp thụ vào máu và sau đó sẽ bài tiết ra khỏi cơ thể theo phân.
Med_CS-2665-17	Tăng thoáng qua từ nhẹ đến trung bình nồng độ các men gan trong huyết thanh, ASAT, ALT, phosphatase kiềm và bilirubin toàn phần đã được ghi nhận ở một số bệnh nhân dùng Triclabendazole và ở động vật.
Med_CS-237_1-12	Và loại còn lại là myosin, dày hơn và có các núm nhỏ hình cây gậy đánh gôn dọc theo nó được gọi là đầu.
Med_CS-3204-1	Đặc điểm sinh học, nguồn lây, đường lây truyền, cơ chế gây bệnh và nguyên tắc phòng bệnh của virus cúm Influenza virus.
Med_CS-1456-2	Thứ ba là điều trị dị ứng và viêm. ovomucoid có trong những quả trứng cút nhỏ nhắn này hoạt động như một thành phần chống dị ứng tự nhiên.
Med_CS-2754-27	Trên toàn thế giới tỷ lệ này thay đổi đáng kể tùy thuộc vào tiêu chuẩn chẩn đoán như kỹ thuật định lượng bilirubin, phương pháp phân tích bilirubin, dân cư ăn chay.
Med_CS-1988-10	Theo các chuyên gia y tế, nhiễm khuẩn Listeria là tình trạng ngộ độc thực phẩm hiếm gặp có thể xảy ra rất nghiêm trọng.
Med_CS-118-4	atropin. Atropin là ancalo kháng muscarin, hợp chất amin bậc 3.
Med_CS-3115_1-8	Thì nhưng mà trong đó là jejuni là chiếm tỉ lệ rất là cao.
Med_CS-2022-3	S. choleraesuis là serotype đặc biệt thích ứng với heo và có thể gây ra bệnh nặng trên nái.
Med_CS-1989-5	Trong khi đó, Listeria phải cần tới một trăm triệu đến một tỷ vi khuẩn.
Med_CS-453-6	Hai, theo dòng máu, bilirubin tự do được vận chuyển về gan nhờ albumin.
Med_CS-3306-5	Brenner cũng gợi ý rằng nguy cơ gia tăng đối với người béo phì và thừa cân này cũng có khả năng áp dụng cho các bệnh ung thư khác.
Med_CS-4768_4-1	triệu chứng của viêm phúc mạc rồi đau hố chậu phải, McBurney dương tính, siêu âm rõ ràng.
