Med_CS-4740_1-14	cho nên mặc dù là cái cái nồng độ pi lưu pin trong bí xương nó giảm nhưng mà cái pi lưu pin và cái muối mật nó vẫn còn gắn kết
Med_CS-3315-14	không nếu mà có những cái cơ quan từ vùng mà tiêu hóa thì mình có thể là mình đọc cái đó là u cứu gân bớt mình sẽ có những cái phương pháp điều trị khác nhau chứ không phải là mổ lấy khớp u buộc trứng ra là
Med_CS-4045_1-1	thuốc và cổ phiếu
Med_CS-944-14	thì như vậy thì nhà sản xuất ấy thì họ lại ra được một cái móc xích giữa các cái phân những các cái gốc các bọc xí lích của hắt a và cái nhóm amin ở trong cái vùng cuộn dây của phê bê ri nô gien
Med_CS-3407-1	vào tháng một hay nghỉ chen một chúng tôi đã đến tỉnh siêu ga với tư cách là thực tập xem kỹ năng
Med_CS-452-1	là vàng da khi mà tế bào gan bị tổn thương thì nó sẽ không chuyển hóa được sắc có mặt tức là cái
Med_CS-919-4	rnr rnr rn rn rn rn rn rn rn rn rn rn rn rn rn rn rn rn rn rn rn rn rn rn rn rn rn rn rn rn rn rn rn rn rn rn rn rn rn rn rn rn rn rn rn rn rn rn rn rn rn rn rn rn rn rn rn rn rn rn rn rn rn rn rn rn rn rn rn rn rn rn rn rn rn rn rn rn rn rn rn rn rn rn rn
Med_CS-3343-13	bệnh hạ cam bệnh này do trực khuẩn đắc
Med_CS-1989-7	đây đều là những thói quen tốt có thể phòng ngừa các loại vi sinh vật gây bệnh khác nhau bao gồm cả
Med_CS-2601-10	chỉ định của protein thì đã được chỉ định để điều trị các cái u nhú lành tính như là hạt cơm hạt cóc sinh dục u xơ con đi nom hay là sùi mào gà bên ngoài da nói chung
Med_CS-2575-4	nó bao gồm mười chín axit amin bao gồm glycine proly và hydrochip
Med_CS-1988-13	rồi sau đây là top năm loại thực phẩm dễ nhiễm một loại vi khuẩn
Med_CS-269-11	tốt allenin allenin là một axit amin thiết yếu đóng vai trò quan trọng trong việc nâng cao chất lượng sản phẩm nông
Med_CS-5027_3-16	các bạn sẽ thấy rằng là ngay cả khi cái tết phẫn chéo tại giường nó hoàn toàn bình thường thì nó cũng hoàn toàn có khả năng gây ra một cái phẫn nghiêm trọng khi các bạn truyền máu vào cho bệnh nhân nếu như nó có những cái bất đồng liên quan tới khi các cái nhóm máu phủ còn lại
Med_CS-5007_3-9	chúng ta và hy vọng rằng là với mỗi đời sống của chúng ta đó có được cái phương tiện tốt đẹp nhưng mà chúng ta nên thấy rõ ràng
Med_CS-486-1	nội dung trong video này sẽ tìm hiểu về sản phẩm israel được sản xuất tại công ty liên doanh maya bpc
Med_CS-1426_1-47	rồi các tết lợn lâm sàng ở bệnh viện thì người ta bệnh về tư á
Med_CS-3200_2-1	các bệnh đây là những cái cái tét để khẳng định bệnh xong thì em
Med_CS-5116_2-9	bài thét số chín thì bạn sẽ bạn sẽ nằm xuống nhá lại nằm xuống nhá
Med_CS-2453_2-3	nhiều người bảo tôi có làm thì không chứ đào tạo thì không đào tạo thì không đào tạo thì không đào tạo thì không đào tạo thì không đào tạo thì không đào
Med_CS-5143_2-24	cái thứ hai là trước phẫu thuật có một cái nghiên cứu về tiên lượng test tiên lượng huyết khối trên mặt trước phẫu thuật tức là trước phẫu thuật bất cứ một cái phẫu thuật nào mình làm một cái test này để coi là bệnh nhân có khả năng
Med_CS-3729-22	quá trình tan máu liên quan đến yếu tố plasma mino gen plasma mino gen là một yếu tố tan máu ở dạng chưa hoạt động có mặt trong huyết
Med_CS-2453_2-1	nhiều sự phẫu thuật tuy là nói đất đai phẫu thuật phẫu thuật phẫu thuật phẫu thuật
Med_CS-76_1-18	tre vô đã phải liên tục ôm ghi tay đấm trẻ để tránh bị chú ý
Med_CS-2488-1	thì tác nhân chính mà gây ra cái bệnh rẽ trên nhóm kèo bí đó là một loài nấm nó tên là clador sputum
Med_CS-1511-19	trí dụ ở cái chỗ phần plasma thì tế bào tiếp nhận aden manxen cần chuyển thường được sử dụng là
Med_CS-2955-2	ví dụ như hội chứng e lơ đô đát hội chứng mắc phan hoặc là hội chứng đi ấy đây
Med_CS-1691-4	n protein cơ chế chủ yếu là hydrochloria ức chế sự kết hợp của thia
Med_CS-416-11	hoặc là hội chứng nét nihan hoặc là rối loạn chửa
Med_CS-206-6	trong n axit hữu cơ có chứ bốn mươi sáu phẩy năm phần trăm n axit ghi dâu xi trích ba mươi hai phẩy năm phần trăm n axit malic mười phẩy một phần trăm n axit xi trích một phần trăm n axit
Med_CS-2711-21	chẩn đoán của một trong hai hội chứng được xác nhận bằng cách tìm thấy nồng độ renin và andosteron cao trong máu và nồng độ natri klorua và kali cao trong nước
Med_CS-4169-13	pham xích lô via thường dùng để điều trị trong các đợt bệnh
Med_CS-2754-12	nguyên nhân bệnh nhân mắc hội chứng gin bét có một gen bị lỗi do đột biến gen dẫn đến sự hình thành men bilirubin
Med_CS-1987-4	đối với phác đồ điều trị của lít teria mono xy tusines thì mình theo mình đánh giá đây là một cái phác đồ điều trị đơn giản nhất
Med_CS-1200-6	hóc môn suy y tế thượng thận là một tình trạng nghiêm trọng trong đó cơ thể không thể tạo ra đủ hóc môn cortisol và đôi khi không thể tạo đủ
Med_CS-3940_2-7	phương phạm thứ nhất là phương phạm hàn tét mặc dù nó ít được áp dụng nữa nhưng vẫn phải trình bày tại vì nó là mang tính chất về y văn và một số nơi một số bệnh nhân người ta vẫn
Med_CS-4567-10	một nghiên cứu đã cho thấy sử dụng đương quy trên một ngàn không trăm bốn mươi bệnh nhân nhồi máu não cấp đã cải thiện điểm số chức năng thần kinh và điểm số pha theo theo đo lường tính tự chủ của bệnh
Med_CS-1155-2	bốn thuốc kháng sinh phát minh năm một nghìn chín trăm linh bảy kỷ nguyên của thuốc kháng sinh bắt đầu với sự tổng hợp san pha sần nay được gọi là aspirin của andrea
Med_CS-5116_1-7	bài test kiểm tra số hai này cũng là kiểm tra sự linh hoạt cho khớp vai
Med_CS-130-12	chính nhờ đặc tính của axit alginic giống thạch mà loại thảo này có khả năng hấp thụ nước và tăng kích cỡ lên gấp hai mươi lăm đến ba mươi lăm
Med_CS-2861-4	tá dược laptop monohy trát tinh bột ngô poviden k ba mươi mác nê xi tia rát
Med_CS-1738-1	rồi mời bạn tuyết hoa trình bày về con basindacóc
Med_CS-662-15	trong mật ong có mặt của rất nhiều en dim tiêu hóa đặc biệt là mật ong thô cụ thể là dire state amy
Med_CS-2764-10	chỉ là một câu chuyện trầm trọng trọng trọng trọng trọng trọng trọng trọng trọng trọng trọng trọng trọng trọng trọng trọng trọng trọng trọng trọng trọng
Med_CS-1988-17	cần thiết khi ăn sống dao đỗ có thể dẫn tới ngộ độc thực phẩm do samylo hay là e coli hoặc
Med_CS-4695-2	tin rằng nhờ có tình yêu anh ấy sẽ hồi phục nhanh thôi bộ phim cam kết
Med_CS-1167-31	như vậy chúng tôi đã trình bày rất cơ bản với các anh các chị về hệ renin angiotexin
Med_CS-4935-12	bệnh mắc nghi ngờ thì trong những tình huống bệnh nhân không có triệu chứng chúng ta làm tét nhanh bất kỳ chúng ta có biểu hiện là dương tính thì chúng ta cũng có thể là nghi ngờ và chúng ta có thể lặp lại
Med_CS-4748-2	bài test này không thay cho chẩn đoán y khoa nhưng giúp bạn nhận diện sớm và quyết định đi khám kịp thời
Med_CS-3940_1-7	công phẫu pháp màu mỡ thì điển hình và phổ biến nhất là phẫu pháp lấy ten tên
Med_CS-4606-11	và bây giờ khi chúng ta thử test xem động mạch quay có bị tắc nghẽn hay không thì chúng ta sẽ mở động mạch
Med_CS-39-5	các tính chất hóa sinh oxford đây cộng in đôn cộng luko cộng súp rớt cộng mannốt cộng lắc tốt
Med_CS-2191_1-3	và do hình dạng của chúng nên trong các xét nghiệm máu vỏ vi rút rất hay bị nhầm lẫn với các loại xoắn khuẩn như vi khuẩn bô kê lia
Med_CS-2857-4	trẻ em từ hai đến mười hai tuổi phối hợp trong điều trị động kinh cục bộ hay toàn thể bao gồm co cứng co giật và co giật do hội chứng
Med_CS-1708-2	đây có thể dẫn đến bệnh của cơ bệnh hoặc bệnh của cơ bệnh cũng như cả các cơ bệnh hoặc không cơ bệnh đặc biệt
Med_CS-484-1	nội dung trong video này sẽ tìm hiểu về thuốc amson park do mayer bpc sản xuất
Med_CS-4795_1-6	hơn tức là sao khi bạn có thể nên luyện tập ở cái hầu hết ở các ngưỡng mà bạn có thể nói chuyện được
Med_CS-1879-11	phương pháp trị liệt bằng thuốc của bác sĩ võ đăng quang là một trong ba mươi ba công trình nghiên cứu được đề cử cho giải garlion sẽ được công bố vào ngày sáu tháng mười hai năm nay tại paris
Med_CS-2405_2-6	và đối trường hợp bệnh đau ngựa phải phẫu thuật phải theo dõi lâu hơn bác ta lưu ý rằng mình đừng nghĩ rằng làm
Med_CS-3670_3-1	châu pha là đi qua cái bước xê người hàn có thuốc
Med_CS-3260-1	đặc hiệu rắn lá phổi do ký sinh trùng thuộc loài parago ni mớt gây ra thường lây nhiễm qua con đường tiêu hóa khi người bệnh ăn các loại hải sản như cua tôm sống hoặc
Med_CS-4847_1-11	còn về vấn đề đấm bé thì cái khả năng mình bị bẩm sinh thì nó cao hơn mình phải qua những cái thách đặc biệt có thể phải lấy nước ói
Med_CS-619-5	nvây đeo trợn trong trạng thái này trong trạng thái này trong trạng thái này
Med_CS-3660_1-7	về sinh thiết da được chẩn đoán dùng như một cái chẩn đoán phân biệt hoặc là các cái tét huyết thanh tự thân cũng được nhấn mạnh trong các cái điều trị trong các cái chẩn đoán mấy đai mạn tính vô
Med_CS-552-7	thì lượng canxi tô nin là một cái tiềm chất của hóc môn canxi tô nin mà các hóc môn canxi tô nin này nó giúp điều hòa cái lượng canxi trong
Med_CS-2834-4	mất cứu giác cũng có liên quan đến bệnh tiểu đường hút thuốc lá béo phì tăng huyết áp hoặc hội chứng khát
Med_CS-4618-13	trẻ sẽ có biểu hiện của hệ thần kinh trung ương bởi tình trạng viêm thân
Med_CS-4406_3-17	trước khi áp dụng bất cứ sản phẩm nào hãy thực hiện test da ở vùng kín như sau tai để đảm bảo không bị mẩn đỏ hay bong tróc quá
Med_CS-4766_2-4	là tổn thương lan sang sau rãnh ronaldo ảnh hưởng đến thì đỉnh
Med_CS-453-15	làn da xảy ra khi nồng độ bi li ru bin trong
Med_CS-5217-4	chỉ có điều là nó sẽ vi phạm cái tính gọi là đại diện ấy cho nên là em sẽ không em sẽ không cần phải làm các cái test thống kê không cần phải làm mô hình ngồi quy bởi vì là làm những cái đấy thì nó không có
Med_CS-412_2-3	trong tế bào trong tế bào thì hay để phát phát là điều quan trọng
Med_CS-5116_2-16	vừa rồi là mười cái bài test kiểm tra toàn bộ cơ thể chúng ta các vị trí từ cổ cơ xương khớp và lưng thì bạn kiểm tra xem bạn đạt được bao nhiêu trong mười cái tiêu chuẩn
Med_CS-5116_1-13	thường xuyên được không các bạn đó là bài test kiểm tra số năm nhá được bao nhiêu được được được bao nhiêu phần rồi
Med_CS-4822_2-29	tôi muốn nói với ông là cảm ơn ông rất nhiều vì đã ủng hộ sang mình trong thời
Med_CS-5071-1	đêm vậy thì khi nào thì là bình thường với bé dưới ba tháng tuổi hay giật mình do phản xạ mon đô là một phản xạ sinh lý tự nhiên và sẽ tự hết
Med_CS-5116_1-1	rất nhiều người nghĩ rằng sức khỏe của mình hoàn toàn bình thường thậm chí có rất nhiều các bạn trẻ nhưng đến khi họ thực hiện mười bài test kiểm tra xong mới phát hiện ra rằng mình đang bị gặp vấn đề về thoái hóa
Med_CS-1988-1	năm loại thực phẩm dễ nhiễm vi khuẩn vitamin a khi trở
Med_CS-77-5	nhìn công thức hóa học của axit axenet chúng ta có thể nhận thấy đây là một axit khá là mạnh có hai dốc các bô xi líp
Med_CS-1987-13	như vậy là đối với nhiễm khuẩnosteri a mô nô xì tu xì nét thì cái bệnh sẽ ưu tiên là penicillin
Med_CS-2626-6	dushen moskva đề xử thì tại sao lại có tờ gây ùn tắc nếu bạn đòi hỏi bình thường họ sẽ
Med_CS-4752_2-3	chúng ta có một số test khác có thể kiểm tra bệnh lý để thần kinh
Med_CS-2754-23	hội chứng ghim bét cần phân biệt với các bệnh gây tang beliru bin tự do khác như tán huyết bệnh gan cấp và mạn
Med_CS-1988-12	nhờ vào hệ thống miễn dịch bình thường chúng ta rất khó để nhiễm vi khuẩn lít tê ri a hoặc có triệu chứng nhẹ
Med_CS-4157-10	thuốc được dùng liên tiếp sau phác đồ có chứa đổ solo bi sin được sử dụng trong điều trị hỗ trợ ung thư giai đoạn sớm có
Med_CS-309_2-13	chúng ta có thể nhìn lên xe này chúng ta có thể thấy ví dụ như kim năm hai nghìn trăm mười bốn tìm theo định nghĩa của họ đó là trong nghiên cứu này đó là những chu kỳ trước chu kỳ trước đó có cái khi thu mãn thì nó khoảng nhỏ hơn một vài
Med_CS-2817-7	tuy nhiên con số này đang tăng lên sau mỗi một năm thưa quý vị trở lại trước đó vào năm hai ngàn không trăm lẻ ba thì giáo sư là nicolas levi và những nhà nghiên cứu của viện sức khỏe national
Med_CS-5124_1-37	khi có được kết quả này nhiều khi nghiên cứu đây thông tâm từ năm hai ngàn không trăm lẻ năm cho hai ngàn không trăm mười bốn với chuẩn bị tại sao ba năm của tác giả
Med_CS-3506-8	chống tăng bilirubin huyết ba mươi đến sáu mươim gam ba lần trên ngày
Med_CS-1879-10	trong khi giải nobel dành cho những nghiên cứu y học cơ bản thì giải garlion đòi hỏi nghiên cứu đó phải được ứng dụng vào việc chữa trị
Med_CS-5116_2-1	không có bạn thì đó là bài test số sáu
Med_CS-5016-2	chẩn đoán xác định đây là một trường hợp nhiều máu cơ tim cấp mức độ nặng trong lớp bốn đã có biến chứng ngưng
Med_CS-1237-22	antimid a ức chế
Med_CS-4974_3-6	nhớ chừng có cái em ở bộ máy nước lăn có hai nhóm cỏ trò vô biên tác ở đây
Med_CS-3505-10	chống tăng bilirubin huyết ba mươi đến sáu mươim li gam ba lần một mươi
Med_CS-338-23	vắc xin persilus cannes và gordan virus sống vắc xin virus cúm virus sống vắc xin virus
Med_CS-4935-13	nhóm bệnh nhân mà đủ điều kiện cách ly tại nhà và điều trị tại nhà thì sau thời gian cách ly điều trị đủ đây là bảy ngày đại ngày đối với cái phác đồ mới là hai tám tháng một thì nếu chúng ta có kết quả xét nghiệm kháng nguyên chất nhân âm thì chúng ta có thể chẩn đoán và cho bệnh nhân ra viện
Med_CS-2846-19	hội chứng cliny levin viết tắt là gây eo ét hay hội chứng
Med_CS-2890-3	trong mười sáu đề tài đề tài kỹ thuật mổ điều trị biến dạng khuôn mặt nghiêm trọng kèm rối loạn chức năng đa cơ quan ở bệnh nhân mắc hội chứng merkelton rosenthal mười lăm năm không được chẩn đoán
Med_CS-2754-17	những người ăn chay sẽ làm gia tăng mức độ bilirubin không liên hợp huyết tương bệnh nhân bị các bệnh như nhiễm
Med_CS-3731-6	tiêm tự động liều duy nhất được thiết kế hệ thống đưa thuốc dạng vi cầu phóng thích liên tục để cung cấp nồng độ trị liệu của hạt chất axen natri giúp người bệnh đẹp và duy trì trạng thái nồng độ ổn
Med_CS-1020-2	một thành phần chính khác là peptid giàu protein hoạt động chống lại virus kháng khuẩn chống viêm và điều hòa miễn dịch
Med_CS-3266-21	đây là một bệnh lây truyền nhưng nhưng thật không may là chúng ta không có dữ liệu chính quy về tỷ lệ lây nhiễm từ người mắc klamia không có
Med_CS-2124-3	bệnh thận igi đôi khi còn được gọi là bệnh burger là dạng bệnh thận phổ biến nhất trên toàn bộ
Med_CS-3275_1-8	có hội chứng thì trứng thiếu máu đúng không hội chứng thiếu máu này hội chứng dễ phù này đúng không hội chứng tiểu chúng có thể nặng hơn thì có về bệnh nhân cũng có hội chứng tăng
Med_CS-754-7	cái tiểu thể mang bi ghi này thì nó bao gồm là là là hai thành phần đó là bao vô mang và quận mạch
Med_CS-4016_1-9	bà đánh giá đánh giá đánh giá test
Med_CS-4736_1-15	như thế cái kiểu bằng sổng này do tăng biu đu biu từ một cái nguồn khác mà không phải là bế khách ở địa ngục
Med_CS-4925_1-4	y học gọi đây là thử nghiệm cửa sổ chan rốt hoặc ngón tay dùi chống
Med_CS-2464_2-7	khi điều trị liều cao và lâu dài trong bệnh ấu trùng sán lợn hoặc bệnh nang sán cho
Med_CS-1684-5	còn bê ta lóc dốc với thành phần mê tô bờ lôn súc sinát thì là dạng tác dụng kéo dài do đó ngày chỉ dùng một lần và tốt nhất
Med_CS-451_1-4	và đối với cái bản này thì chúng ta sẽ áp dụng cái kết quả của billy robin toàn phần hay
Med_CS-3763-28	đặc biệt là vi khuẩn lít tê ra rất nguy hiểm đối với trẻ sơ sinh và phụ nữ mang thai có thể dẫn đến vi mạn não
Med_CS-1988-2	phát triển vi khuẩn lít tia là một loại vi khuẩn nguy hiểm gây ngộ độc cho người
Med_CS-219-3	rượu rất tốt bi trong chè xanh có chất axit taních khử được chất cồn trong rượu
Med_CS-3116_3-1	bệnh sẽ có một cái test ở bên ngoài để đánh giá là bệnh nhân này cái nồng độ vi trùng bao nhiêu
Med_CS-3216_2-33	bà murray cảnh báo tất cả những điều đó đã kết thúc găng tay đã được tháo ra không có sự hạn chế không có sự kiểm tra nào đối với chính quyền này chúng ta đang bước vào một thời điểm
Med_CS-1987-1	và các phép đồ điều trị chuẩn đối với lít tôm lít tơ ri a mua nô xì tô xi nét này và những tình huống các bạn đang gặp
Med_CS-4454-22	thấy ở đây và bên cái người dùng vitamin từ cam chanh trái cây ở đây thì yến tăng gần yến sẽ cho vào thêm một cái lượng cam cam chanh vào đây nữa
Med_CS-1687-2	andy hít phát ti a xít oxit
Med_CS-564-7	bởi vì nó gắn toàn chơ hát bê tức là các bô xi e monobin bởi vì nó ánh lực lớn hơn nó nhiều hơn thì cái tình trạng oxy ở mô không phải là không có nhưng nó sẽ yếu yếu yếu yếu đi rất là nhiều thiếu rất là nhiều
Med_CS-1057-10	sản phẩm được tạo ra từ quá trình này được gọi là hb bị g ly khô xi hóa thông thường để biểu thị chỉ số hb đã bị ly khô xi hóa
Med_CS-3801-2	phương pháp phẫu thuật truyền thống ra bít phải mổ mỏ để cắt xương ức và lớp sụn sườn bất thường của hai bên để lại vết sẹo lớn gây mất thẩm mỹ và khiến bệnh nhân rất
Med_CS-5116_2-3	bài thuyết theo chúng ta vẫn tiếp tục kiểm tra độ khỏe của phần lưng của mình
Med_CS-53_1-12	được lấy từ cái việc mà các nhà nghiên cứu đã dựa trên cái việc mà tách huyết thanh nghiên cứu máu của loài
Med_CS-450_2-9	bi đu bi liên hợp là khác cái thằng bi đu bi không liên hợp lúc nãy là nó tan trong nước cho nên là nó qua được bằng cầu thận và nó đào thải qua nước tiểu
Med_CS-3567-14	đầu tiên là beta nê con là một thuốc kích thích chô li nai rứt trực tiếp chỉ hoạt động trên các receptor moscow denis không có hoạt tính trên các
Med_CS-1165-6	sẽ tăng a tốt xeo lẫn a xô pê xin hai và khiến tăng huyết áp như gần các cơ chế và các
Med_CS-2023-6	cúm một nghiên cứu được thực hiện trên chuột bị sốt cho thấy dịch chết từ cây cỏ bẩn trầu liều sáu trăm mi li gam mỗi ki lô gam có tác dụng hạ sốt tương đương với liều điều trị bằng stensalic liều một trăm mi li gam mỗi ki lô gam
Med_CS-1988-11	trọng thống kê cho thấy có khoảng hai mươi phần trăm bệnh nhân nhiễm khuẩn natri
Med_CS-1168-2	nếu mà chúng ta sử dụng khanh đóc tơ ron cái đại diện là tông là nó là cái thuốc
Med_CS-3534-11	khỏi bệnh chức năng cốt thi cổ châu pích nếu điều trị bằng cốt thi cốt tê rô ít phải được duy trì ở liều dưới 5mg tương đương kynison mỗi ngày
Med_CS-2578-5	độc tố trong cánh hoa đỗ quyên gồm en rô mê đô tô sin và a bu tin
Med_CS-491-2	thoát vị để đệm vào trong thân đốt thoát vị
Med_CS-3359_2-11	còn diesel thì chỉ cần một trong hai cái không phải cả hai
Med_CS-4768_2-1	đấy đó là bây giờ mình có một câu hỏi đó là rốt thừa viêm gặp cao nhất ở độ tuổi nào thử lại một tí xem
Med_CS-1747-4	của cái sự căng dạ dày và có sự có mặt có oliver tuýp trong dạ dày
Med_CS-3216_2-32	bà murray nói những gì mà các bên tranh tụng cá nhân sẽ phải làm là đi đến mọi quận trong đất nước này để tranh tụng để ngăn chặn chính quyền trên đường đi của nó hoặc bằng cách nào đó tìm thấy một luật sư sẵn sàng chấp nhận thách thức thực hiện một vấn đề
Med_CS-4935-15	thì chúng ta có thể kết hợp hoặc là chúng ta sử dụng bằng xét nghiệm kháng nguyên chất nhanh âm
Med_CS-2372-4	thì để cách nhận biết sao nó hợp thì như thế nào trước khi chúng ta ngủ dậy thì chúng ta dùng dậy dậy thấm dầu của
Med_CS-4141-2	bệnh ổn định và điều trị pho xơ mát pho xơ mát là cái thuốc chống loạn sâu
Med_CS-3446-10	không tôi không biết có thích đơn cái xét nghiệm mới sao tôi
Med_CS-4732-17	tính hai mươi tư ca là trường hợp phát hiện thông qua xét nghiệm sàng lọc cộng đồng bằng test nhanh
Med_CS-975-6	tôi có cần thử vrca không một và hai không
Med_CS-450_2-12	nào vàng da thì cơ bản là là là nó nó có sự tăng cái vitamin trong máu
Med_CS-5027_3-26	còn trong bối cảnh bệnh nhân không được truyền máu mà bệnh nhân vào viện vì một cái bối cảnh trước đây chưa từng truyền máu và bây giờ thì cái tắc cung nó dượng thì chúng ta có thể chắc chắn khẳng định rằng bệnh nhân này là một cái bệnh nhân liên quan đến một cái rối loạn
Med_CS-61-3	chín ronaldo perez jenner là giám đốc nghiên cứu và phát triển của bi
Med_CS-1167-34	chúng tôi sẽ tiếp tục với các clip về cơ chế tác động của thuốc ức chế thụ thể lên hệ renin angiotein sinandose rôn và ứng dụng trong thực hành lâm sàng cùng số loại thuốc ức chế thụ thể phổ biến
Med_CS-2575-5	trứng chứa protein một loại axit amin giúp tăng lượng collagen trong cơ thể tăng sức mạnh
Med_CS-222-10	cua và quả hồng với hàm lượng acetic trong quả hồng có thể sẽ khiến cho dạ dày của bạn cảm thấy chứng khó tiêu buồn nôn hoặc đau bụng khi dùng kèm với thịt cua hoặc tráng miệng sau khi dùng các món ăn làm thức ăn
Med_CS-1482_2-3	nôm nay là gì chị nôm nay là các chị lấy cái bột mỡ đó ra mắt đó chúng ta bỏ vào cái dung môi dung môi đây là
Med_CS-4740_1-13	này nó có áp lực với mô môn tế bào dưới da nhiều lắm
Med_CS-406-9	ai u rích điều trị gút theo hai cơ chế thứ nhất là làm giảm axit u rích bằng cách ức chế enzyme
Med_CS-1656-1	đặc biệt theo nghiên cứu từ các nhà khoa học brazil poli pheno và theo protein trong ca cao có thể giúp giảm bớt những ảnh hưởng xấu của bệnh tiểu đường đến sức
Med_CS-2024-5	startup hycolytus asenri phossi đo nam a ren gu ni sa tham non len đay cho len trên sườn
Med_CS-3116_2-12	cái thứ hai nữa là không có xâm lấn là mình dùng tét hơi thở
Med_CS-2501-9	bờ loắt tôm mì xì đờ ma tì tì đít can đi đa sờ bờ bờ co xì điốt y mít
Med_CS-692-1	hai lơ trở lại ngoạn mục sau khi
Med_CS-192_2-6	giờ gì nữa nhá lin lenin
Med_CS-2441_3-3	là một cái phản ứng mà có tên đúng của nó chính là phương pháp văn thu do văn thu phát minh ra vào năm một nghìn
Med_CS-4295_1-3	hoan kỳ tiếng anh là ashtra ga lút
Med_CS-4980-8	này thì cái tết đó sẽ được làm trong vòng hai mươi bốn giờ đầu tiên khi bệnh nhân
Med_CS-3297-3	cho nên thông thường là chúng tôi phải test thì chúng tôi mới chẩn đoạn ra được
Med_CS-450_1-21	trong ví dụ như là trong gan thì bi đu bin tự do hay gọi là bi đu bin không hợp ấy sẽ được kết hợp với các cái a
Med_CS-3533-16	những bệnh nhân có tiền sử co giật giữa nước có thể nhìn thấy được thiếu huyệt aguino sốt sena lia di truyền những bệnh nhân bị thiếu hụt các pome phốt phát sinh he ta di truyền
Med_CS-4052-10	suy tuyến thượng thận cấp có thể xảy ra khi ngưng sử dụng thuốc venison đột ngột sau thời gian dài điều trị hoặc khi có căng thẳng
Med_CS-2525-8	lại ở thể alpha thalasemai thì nặng nhất là khi mất cả bốn gen alpha thì sẽ gây lên hậu chứng hb bát gây nên phù thai khi mà thai còn ngay trong
Med_CS-2833-9	đường hút thuốc lá kéo phì tăng huyết áp hoặc hội chứng khammen
Med_CS-2187-2	xuất huyết bỏng mạc xảy ra do nhiều nguyên nhân khác nhau nhưng phần lớn là do các bệnh lý về mạch máu của phỏng mạc như cận thị nặng tăng huyết áp bệnh tiểu đường bệnh thoái hóa hoàn điểm tuổi già bệnh eo chứng thương mắt
Med_CS-2171_2-18	thì tổn thương của nó là những cái giáp sởn đỏ mụn nước ở thân mình
Med_CS-1167-2	trong các nhóm thuốc tác động lên hệ renin angiệm sinandosteron có bao gồm nhóm thuốc tức
Med_CS-982-12	hội chứng mc cung omar có thể ảnh hưởng đến mọi lứa tuổi và ở cả hai giới
Med_CS-4946-2	sản lỏng như vậy thì chúng ta sẽ nên thực hiện hai cái test hai cái
Med_CS-5113-1	kiểm tra sức khỏe kiểm tra ngay tránh bệnh
Med_CS-3315-2	như các bạn cũng đã biết thì cái khối u krokimber đó là những cái khối u mà di căn đến buồng trứng
Med_CS-5173-12	nhận thấy rằng ông đã quên tắt một ống chân
Med_CS-4383_4-38	đặc biệt là các loại ngũ cốc nguyên hạt chứa các hợp chất gọi là phy tát phy tát có thể liên kết với sắt và làm giảm khả năng hấp thụ sắt ở trong
Med_CS-407-5	đặc biệt có một số thành phần trong lá tía tô có tác dụng ức chế en chim santhin oxida là một loại en chim đóng vai trò trong hút đẩy hình thành axit uri trong cơ thể
Med_CS-4983_2-19	nhanh hơn đó là dùng cái tét nâng ghế trong vòng một phút đối với tét này thì làm trong vòng khoảng một phút thôi cộng với lại là thêm thời gian sau đó phút để
Med_CS-453-5	dụng trong khi đó billy virgin được khử thành billy
Med_CS-5173-17	roachan nhận ra rằng anh ấy đã tìm thấy một loại tia mới vô hình với mắt người nhưng có thể thắp sáng bất cứ thứ gì
Med_CS-1988-18	chính để ngăn ngừa loại vi khuẩn vitamin a là áp dụng các kỹ thuật vệ sinh thực phẩm tốt để ngăn chặn vi khuẩn vitamin a trong thực phẩm
Med_CS-451_2-14	chỉ còn mười tám nếu mà kết quả xét nghiệm bi liu pin toàn phần của bệnh nhân là hai mươi như vậy là nó cao hơn mười tám vậy là bệnh nhân đủ chuẩn để chiếu đèn ngắt quãng
Med_CS-5007_2-17	vậy là nếu mà trong gia đình chúng ta có những người đã bị ung thư trước rồi chúng ta nên test sớm hơn để khám phá được cái
Med_CS-4076_2-11	thì người ta rất hay dùng cái lợi tiểu là kháng than đốt trôn này đấy kháng than đốt
Med_CS-1947-10	rồi cái axit virus nó diệt nấm khanh ria tế bào ung thư rất hay vô cùng hiệu quả
Med_CS-556-4	kê xa lết chứa natri poli tire nê sun pho nát có chứa các nguyên tử natri natri này được trao đổi với kali trong cơ thể ngăn ngừa sự hấp thụ vào máu và sau đó sẽ bài tiết ra khỏi cơ thể theo phân
Med_CS-2665-17	tăng thoáng qua từ nhẹ đến trung bình nồng độ các men gan trong huyết thanh asat alat phốt phát ây kiêm và bilirubin toàn phần đã được ghi nhận ở một số bệnh nhân dùng trichlabendazon và ở động vật
Med_CS-237_1-12	và loại còn lại là miyosin dày hơn và có các núm nhỏ hình cây gậy đánh gồm dọc theo nó được gọi là đau
Med_CS-3204-1	đặc điểm sinh học nguồn lây đường lây truyền cơ chế gây bệnh và nguyên tắc phòng bệnh của virus cúm
Med_CS-1456-2	thứ ba là điều trị dị ứng và viêm ovo moscow có trong những quả trứng cút nhỏ nhắn này hoạt động như một thành phần chống dị ứng
Med_CS-2754-27	trên toàn thế giới tỷ lệ này thay đổi đáng kể tùy thuộc vào tiêu chuẩn chẩn đoán như kỹ thuật định lượng bilirubin phương pháp phân tích bilirubin rất
Med_CS-1988-10	theo các chuyên gia y tế nhiễm khuẩn nít tơ ri a là tình trạng ngộ độc thực phẩm khiếm gặm có thể xảy ra rất nghiêm trọng
Med_CS-118-4	atropin atropin là ankyl kháng mucarine hợp chất amin bậc ba
Med_CS-3115_1-8	nhiều nhất thì nhưng mà trong đó là y sin là chiếm tỷ lệ rất là
Med_CS-2022-3	cách cho lơ anh sốt là xe dâu tai đặc biệt thích ứng với heo và có thể gây ra bệnh não
Med_CS-1989-5	trong khi đó lytteria phải cần tới một trăm triệu đến một
Med_CS-453-6	hay theo dòng máu billy robin tự do được vận chuyển về gan nhờ anh
Med_CS-3306-5	brenner cũng gợi ý rằng nguy cơ gia tăng đối với người béo phì và thừa cân này cũng có khả năng áp dụng cho các bệnh
Med_CS-4768_4-1	triệu chứng của viêm xúc mạc rồi đau hổ chỗ phải mắc bụng nây dương tính siêu âm rồi
