split,cs_term,count
hard,test,120
hard,bilirubin,84
hard,aldosterone,33
hard,Listeria,27
hard,Angiotensin,8
hard,renin,8
hard,prolin,7
hard,roentgen,6
hard,Koch,5
hard,muscarin,4
hard,sphingomyelin,4
hard,Candida,3
hard,fibrinogen,3
hard,theophyllin,3
hard,ATPase,2
hard,BRCA,2
hard,Bachmann,2
hard,Berger,2
hard,Bickerstaff,2
hard,Blastomyces,2
hard,Boerhaave,2
hard,Brenner,2
hard,Burkitt,2
hard,Calmette,2
hard,Chopart,2
hard,DI,2
hard,Dostinex,2
hard,Ehrlich,2
hard,Fosamax,2
hard,Galien,2
hard,Gnathostoma,2
hard,Goldstein,2
hard,Gowers,2
hard,Guérin,2
hard,Haller,2
hard,Halsted,2
hard,III,2
hard,Irukandji,2
hard,Kallmann,2
hard,Kartagener,2
hard,Kleine-Levin,2
hard,Krukenberg,2
hard,Lennox-Gastaut,2
hard,Liston,2
hard,Lugol,2
hard,Mantoux,2
hard,Marion,2
hard,McBurney,2
hard,McCune-Albright,2
hard,Mendel,2
hard,Meyer,2
hard,Murray,2
hard,Negri,2
hard,Nicolas,2
hard,Nissen,2
hard,Nussbaum,2
hard,Opisthorchis,2
hard,Petri,2
hard,RNA,2
hard,ROC,2
hard,Ranson,2
hard,Riley-Day,2
hard,Rolando,2
hard,Solomon,2
hard,Spee,2
hard,Waldeyer,2
hard,acetaldehyd,2
hard,alanin,2
hard,amin,2
hard,barbital,2
hard,barbituric,2
hard,bazơ,2
hard,betain,2
hard,bethanechol,2
hard,biliverdin,2
hard,calcitonin,2
hard,carboxyhemoglobin,2
hard,carboxylic,2
hard,chloroform,2
hard,choleraesuis,2
hard,citric,2
hard,co,2
hard,cyanhydric,2
hard,deoxyribonucleic,2
hard,diastase,2
hard,diphosphate,2
hard,doxorubicin,2
hard,echinococcus,2
hard,factor,2
hard,formic,2
hard,glucosid,2
hard,glycine,2
hard,glycosyl,2
hard,gut,2
hard,helicase,2
hard,hormone,2
hard,immitis,2
hard,indican,2
hard,invertase,2
hard,kim,2
hard,lacton,2
hard,linolenic,2
hard,mescalin,2
hard,misoprostol,2
hard,nasion,2
hard,nervonic,2
hard,ovomucoid,2
hard,pepton,2
hard,phosphate,2
hard,phospholipid,2
hard,phytat,2
hard,plasminogen,2
hard,plasmit,2
hard,polypeptid,2
hard,polysacarit,2
hard,prednison,2
hard,protease,2
hard,quinon,2
hard,rhodopsin,2
hard,riboflavin,2
hard,ribonucleic,2
hard,sa,2
hard,stearat,2
hard,succinate,2
hard,succinic,2
hard,sulfon,2
hard,tanic,2
hard,theobromin,2
hard,thymidin,2
hard,thyroxine,2
hard,uric,2
hard,virus,2
hard,xanthine,2
hard,ADN,1
hard,Acetate,1
hard,Asherman,1
hard,Astragalus,1
hard,Ballet,1
hard,Bamberger,1
hard,Bart,1
hard,Barthel,1
hard,Basidiomycete,1
hard,Beauveria,1
hard,Beck,1
hard,Brunner,1
hard,Caroli,1
hard,Casser,1
hard,Castellani,1
hard,Chlamidia,1
hard,Cladosporium,1
hard,Cowper,1
hard,Dandy-Walker,1
hard,Denis,1
hard,Descemet,1
hard,Dieffenbach,1
hard,Ducrey,1
hard,E. coli,1
hard,Eales,1
hard,Ehlers-Danlos,1
hard,Elliot,1
hard,Epstein,1
hard,Eustache,1
hard,Exenatide,1
hard,Fisher,1
hard,Fitz-Hugh–Curtis,1
hard,Fleischner,1
hard,Flexner,1
hard,Forestier,1
hard,Goldman,1
hard,Grey,1
hard,Gross,1
hard,Grover,1
hard,Gruber,1
hard,Haemophilus,1
hard,Hamman-Rich,1
hard,Herceptin,1
hard,Histoplasma,1
hard,Hounsfield,1
hard,Howell-Jolly,1
hard,II,1
hard,IIb,1
hard,Imerslund,1
hard,Indol,1
hard,Indole,1
hard,Influenzavirus,1
hard,Jaffe,1
hard,Johnson,1
hard,Kennedy,1
hard,Kiernan,1
hard,Kiesselbach,1
hard,Killip,1
hard,Kjeldahl,1
hard,Koebner,1
hard,Lassa,1
hard,Lesch-Nyhan,1
hard,Lhermitte,1
hard,Lichtenstein,1
hard,Lister,1
hard,Lyell,1
hard,Marburg,1
hard,Marfan,1
hard,McArdle,1
hard,McBride,1
hard,McDonald,1
hard,McMurray,1
hard,Melkersson,1
hard,Microsporum,1
hard,Moro,1
hard,Mucorales,1
hard,Neisseria,1
hard,Paragonimus,1
hard,Plummer,1
hard,Ravitch,1
hard,Rhesus,1
hard,Rhizopus,1
hard,Salmonella,1
hard,Schamroth,1
hard,Schmorl,1
hard,Scopulariopsis,1
hard,Shenton,1
hard,Shiga,1
hard,Simon,1
hard,Sistrunk,1
hard,Skene,1
hard,Skinner,1
hard,Smith,1
hard,Sutton,1
hard,Tinel,1
hard,Trevor,1
hard,Trichophyton,1
hard,Tzanck,1
hard,Wunderlich,1
hard,acetylsalicylic,1
hard,acyl,1
hard,adriamycin,1
hard,albumin,1
hard,alcohol,1
hard,aldehyde,1
hard,aldosteron,1
hard,alginic,1
hard,amanitin,1
hard,aminotransferase,1
hard,amylase,1
hard,amylose,1
hard,andromedotoxin,1
hard,anserin,1
hard,arabinose,1
hard,aspartat,1
hard,atropin,1
hard,betalipoprotein,1
hard,bicarbonat,1
hard,bicarbonate,1
hard,borrelia,1
hard,caprylic,1
hard,capsome,1
hard,carcinom,1
hard,cetyl,1
hard,cholic,1
hard,cholin,1
hard,condylom,1
hard,corticosteron,1
hard,corticotropin,1
hard,digitoxin,1
hard,doxylamine,1
hard,ducreyi,1
hard,emetin,1
hard,enzim,1
hard,eye,1
hard,famciclovir,1
hard,folic,1
hard,fumaric,1
hard,gen,1
hard,gentian,1
hard,globin,1
hard,glucid,1
hard,glycerol,1
hard,glycin,1
hard,glycoprotein,1
hard,glycoside,1
hard,glycuronic,1
hard,hem,1
hard,hemoglobin,1
hard,hirudin,1
hard,histon,1
hard,hocmon,1
hard,homogentisic,1
hard,hydroxyprolin,1
hard,jejuni,1
hard,lecithin,1
hard,leishmania,1
hard,liken,1
hard,lipid,1
hard,locus,1
hard,lyase,1
hard,lympho,1
hard,lysozym,1
hard,malpighi,1
hard,mandelic,1
hard,menotropin,1
hard,methemoglobin,1
hard,mocphin,1
hard,monoxit,1
hard,mucopolysacarit,1
hard,myosin,1
hard,nucleosid,1
hard,palmitoleic,1
hard,palmitoyltransferase,1
hard,pantothenic,1
hard,paregoric,1
hard,parvovirus,1
hard,peptit,1
hard,phosphatidylserin,1
hard,plasmid,1
hard,potio,1
hard,prednisone,1
hard,pyruvic,1
hard,reductase,1
hard,reserpin,1
hard,rhinovirus,1
hard,ribonucleotide,1
hard,ribosom,1
hard,saccharomyces,1
hard,santonin,1
hard,sialic,1
hard,sitosterol,1
hard,squalen,1
hard,sulfonat,1
hard,synthetase,1
hard,thalassemia,1
hard,thyroxin,1
hard,triiodothyronine,1
hard,trypsin,1
hard,tsutsugamushi,1
hard,urê,1
hard,vitamine,1
hard,vitellin,1
hard,xanthoprotein,1
hard,zymogen,1
test,virus,83
test,gen,44
test,oxy,42
test,glucose,36
test,Vitamin,35
test,colagen,28
test,inulin,25
test,vaccin,22
test,lipid,21
test,hormone,20
test,lympho,20
test,Candida,18
test,estrogen,18
test,corticoid,17
test,paracetamol,15
test,lupus,14
test,Gram,12
test,bicarbonat,12
test,caffein,12
test,coenzym,12
test,mRI,12
test,stent,12
test,LDL,11
test,Rh,11
test,testosteron,11
test,uric,11
test,glycosid,10
test,insulin,10
test,vaselin,10
test,Basedow,9
test,Sjögren,9
test,adenovirus,9
test,hemoglobin,9
test,Demodex,8
test,Ibuprofen,8
test,Turner,8
test,anserin,8
test,arginin,8
test,polyp,8
test,taurin,8
test,CD4,7
test,Henle,7
test,Hippocrate,7
test,Parkinson,7
test,adrenalin,7
test,amin,7
test,melanin,7
test,polysaccharide,7
test,sarcoma,7
test,zona,7
test,ADN,6
test,Babesia,6
test,Bartholin,6
test,DiGeorge,6
test,Ebola,6
test,Lister,6
test,Lyme,6
test,adenosin,6
test,amalgam,6
test,clorid,6
test,cryptococcus,6
test,lycopen,6
test,parkison,6
test,purin,6
test,strychnin,6
test,threonine,6
test,Francis,5
test,Guillain-Barré,5
test,Klebsiella,5
test,Legionella,5
test,Marek,5
test,Patau,5
test,aldosteron,5
test,androgen,5
test,carotenoit,5
test,citrullin,5
test,cocain,5
test,colchicin,5
test,corticosteron,5
test,cortisol,5
test,creatinin,5
test,fructose,5
test,lecithin,5
test,oxalate,5
test,phage,5
test,prednisone,5
test,salicylic,5
test,thalassemia,5
test,B12,4
test,CD8,4
test,DeBakey,4
test,Doppler,4
test,Fallot,4
test,Glasgow,4
test,Hashimoto,4
test,Heller,4
test,Hodkin,4
test,Hunt,4
test,Meniere,4
test,Naboth,4
test,Nocardia,4
test,Ornithine,4
test,Paget,4
test,Pellagra,4
test,Phenobarbital,4
test,REM,4
test,Raynaud,4
test,Salmonella,4
test,Warburg,4
test,Wilson,4
test,acetyl,4
test,adenosine,4
test,cyclophosphamide,4
test,elastin,4
test,enzim,4
test,enzym,4
test,glycerol,4
test,hemophili,4
test,hysteri,4
test,keto,4
test,lactose,4
test,methionin,4
test,opioid,4
test,progestin,4
test,protease,4
test,proteoglycan,4
test,protit,4
test,ANCA,3
test,Amip,3
test,B6,3
test,Behcet,3
test,Bell,3
test,Berry,3
test,Chlamydia,3
test,Eisenmenger,3
test,Fanconi,3
test,Fitzpatrick,3
test,Lembert,3
test,Merkel,3
test,Pasteur,3
test,Prader-Willi,3
test,RNA,3
test,Rett,3
test,Virchow,3
test,Wellens,3
test,acetylcholin,3
test,acetylcystein,3
test,albumin,3
test,amino,3
test,aminobenzoic,3
test,amylase,3
test,amyloid,3
test,botulinum,3
test,candesartan,3
test,chloride,3
test,co,3
test,dopamin,3
test,doxycycline,3
test,galactose,3
test,globin,3
test,glycin,3
test,glycoprotein,3
test,herpes,3
test,hocmon,3
test,inositol,3
test,lactic,3
test,lutein,3
test,migraine,3
test,nephron,3
test,penicillin,3
test,phospholipid,3
test,pneumoniae,3
test,prion,3
test,quinolone,3
test,retinol,3
test,saccharose,3
test,thiazid,3
test,trichomonas,3
test,urat,3
test,Aedes,2
test,Apert,2
test,Baker,2
test,Borna,2
test,Bowen,2
test,Buerger,2
test,Calori,2
test,Castleman,2
test,DEXA,2
test,Dirofilaria,2
test,Fontan,2
test,Fordyce,2
test,Fusarium,2
test,Golgi,2
test,Huntington,2
test,INR,2
test,Jenner,2
test,Johnson,2
test,Klinefelter,2
test,Langerhans,2
test,Newcastle,2
test,Nikolsky,2
test,Nipah,2
test,Norovirus,2
test,Pompe,2
test,Ringer,2
test,Rivalta,2
test,Romberg,2
test,Sabin,2
test,Schwann,2
test,Sheehan,2
test,Vater,2
test,Verocay,2
test,aVF,2
test,acetic,2
test,aceton,2
test,acid,2
test,aconitin,2
test,apo,2
test,arachidonic,2
test,atropin,2
test,butyrat,2
test,carbohydrate,2
test,carcinom,2
test,catgut,2
test,catheter,2
test,cerebrosid,2
test,citrat,2
test,citric,2
test,coronavirus,2
test,ehrlichia,2
test,falciparum,2
test,ferritin,2
test,fibrin,2
test,glaucoma,2
test,glucagon,2
test,glutathion,2
test,glycuronic,2
test,hormon,2
test,immitis,2
test,keratin,2
test,lysin,2
test,morphin,2
test,myelin,2
test,noradrenalin,2
test,peptide,2
test,phenylceton,2
test,plasmodium,2
test,pogonion,2
test,prolactin,2
test,ribosom,2
test,scorbut,2
test,steroid,2
test,synthetase,2
test,tetracyclin,2
test,tic,2
test,vibrio,2
test,A3,1
test,Angiotensin,1
test,Apgar,1
test,B2,1
test,Balantidium,1
test,Barret,1
test,Bartonella,1
test,Baxter,1
test,Bazin,1
test,Benedict,1
test,Bichat,1
test,Bifidobacterium,1
test,Bitot,1
test,Blaschko,1
test,Bochdalek,1
test,Bonnet,1
test,Bouveret,1
test,Bowman,1
test,Boyer,1
test,Broca,1
test,Brown,1
test,Brugada,1
test,Butyrate,1
test,COX-2,1
test,Cajal,1
test,Capgras,1
test,Charnley,1
test,Chiari,1
test,Clostridium,1
test,Coombs,1
test,Corti,1
test,Culex,1
test,D3,1
test,Darier,1
test,David,1
test,Douglas,1
test,Duchenne,1
test,E. coli,1
test,ECHO,1
test,Ebstein,1
test,Ehlers-Danlos,1
test,Fabry,1
test,Fallop,1
test,Fehling,1
test,Flemming,1
test,Forbes,1
test,Freud,1
test,GNAS,1
test,Gartner,1
test,Gaucher,1
test,Gerson,1
test,Giemsa,1
test,Gillies,1
test,Glanzmann,1
test,Gleason,1
test,Glenn,1
test,Hartmann,1
test,Hawley,1
test,Hayflick,1
test,Hemangioma,1
test,Histoplasma,1
test,Horton,1
test,Houston,1
test,Howell,1
test,II,1
test,Indole,1
test,Ishihara,1
test,Isospora,1
test,Joseph,1
test,Kanner,1
test,Koplik,1
test,Krebs,1
test,Lallemand,1
test,Lamaze,1
test,Lane,1
test,Langhans,1
test,Lieberkuhn,1
test,Ludwig,1
test,MacConkey,1
test,Mallory-Weiss,1
test,Manson,1
test,McCarthy,1
test,McKenzie,1
test,Mohs,1
test,Morita,1
test,Morquio,1
test,Neri,1
test,Noonan,1
test,Ogilvie,1
test,Onchocerca,1
test,PC,1
test,Parvo,1
test,Pasteurella,1
test,Peutz-Jeghers,1
test,Poirier,1
test,Reye,1
test,Rhizoctonia,1
test,Richter,1
test,Riedel,1
test,Riemerella,1
test,Russell,1
test,SCID,1
test,SV,1
test,Salk,1
test,Taipan,1
test,Tarlov,1
test,Thomas,1
test,Toxocara,1
test,Toxoplasma,1
test,Trichophiton,1
test,Tyson,1
test,Urbach-Wiethe,1
test,VA,1
test,Vinson,1
test,Voigt,1
test,Wada,1
test,Wegener,1
test,Wenckebach,1
test,Wernicke-Korsakoff,1
test,Wharton,1
test,Whipple,1
test,Wistar,1
test,Wolff-Parkinson-White,1
test,Zollinger-Ellison,1
test,acetat,1
test,actin,1
test,adenin,1
test,aegypti,1
test,alcohol,1
test,alpha-galactosidase,1
test,amidan,1
test,aminoglycoside,1
test,amobarbital,1
test,arecolin,1
test,arginase,1
test,argininosuccinic,1
test,ase,1
test,asparagin,1
test,bacillus,1
test,bacteriocin,1
test,basion,1
test,becberin,1
test,benzocain,1
test,benzoic,1
test,bleomycin,1
test,buprenorphin,1
test,candid,1
test,carboxyl,1
test,carcinôm,1
test,carnitin,1
test,carnitine,1
test,cells,1
test,cephalosporin,1
test,chitin,1
test,cholesteatoma,1
test,cimetidin,1
test,codein,1
test,codon,1
test,cortison,1
test,creatin,1
test,cryoglobulin,1
test,cyclosporin,1
test,cystein,1
test,cystin,1
test,cytokin,1
test,decarboxylase,1
test,dehydrogenase,1
test,dextrin,1
test,digitalin,1
test,echinocandin,1
test,epinephrine,1
test,fibrinogen,1
test,flavonoid,1
test,ganglioside,1
test,gastrin,1
test,globulin,1
test,glucosid,1
test,glycogen,1
test,gonadotropin,1
test,hapten,1
test,hem,1
test,hematocrit,1
test,hemosiderin,1
test,hepatica,1
test,hyalin,1
test,hyaluronidase,1
test,hydrochloride,1
test,iod,1
test,isoleucin,1
test,kinase,1
test,lactat,1
test,leptin,1
test,leucin,1
test,leukotrien,1
test,leukotriene,1
test,lipit,1
test,lipoic,1
test,lipopolysaccharid,1
test,macaca,1
test,maltose,1
test,meropenem,1
test,mesalamine,1
test,methemoglobin,1
test,methotrexat,1
test,mineralocorticoid,1
test,modafinil,1
test,monosaccharid,1
test,myoglobin,1
test,nST,1
test,nitroglycerin,1
test,norepinephrine,1
test,nucleoside,1
test,octreotide,1
test,oleic,1
test,opsonin,1
test,oxalat,1
test,oxalic,1
test,oxyhemoglobin,1
test,palmitic,1
test,pemphigus,1
test,pentobarbital,1
test,peptit,1
test,phenylalanin,1
test,phosphoric,1
test,pilocarpin,1
test,plasmin,1
test,polypeptide,1
test,polysaccharit,1
test,proenzym,1
test,propionic,1
test,pseudoephedrin,1
test,purine,1
test,quinidin,1
test,retinoid,1
test,ribonucleotide,1
test,rifampin,1
test,rubeon,1
test,saccharomyces,1
test,salicylat,1
test,sarcoid,1
test,scopolamin,1
test,shigella,1
test,shunt,1
test,sialic,1
test,solani,1
test,somatostatin,1
test,sphingolipid,1
test,sucralfat,1
test,synap,1
test,synthase,1
test,tartaric,1
test,tetani,1
test,transferrin,1
test,triphosphate,1
test,tyrosine,1
test,valin,1
test,xanthin,1
train,virus,771
train,gen,352
train,oxy,338
train,colagen,289
train,Vitamin,266
train,glucose,228
train,hormone,191
train,inulin,189
train,lipid,164
train,corticoid,152
train,Candida,141
train,Gram,136
train,vaccin,128
train,lupus,117
train,caffein,108
train,testosteron,108
train,polyp,100
train,estrogen,95
train,stent,95
train,lympho,92
train,Rh,80
train,enzim,76
train,hemoglobin,76
train,polysaccharide,73
train,Parkinson,71
train,cryptococcus,71
train,coenzym,69
train,melanin,68
train,Guillain-Barré,67
train,mRI,65
train,creatinin,63
train,insulin,62
train,migraine,61
train,uric,61
train,paracetamol,59
train,Basedow,58
train,taurin,58
train,Bartholin,57
train,arginin,56
train,zona,56
train,carbohydrate,54
train,enzym,54
train,vaselin,54
train,ADN,52
train,amin,52
train,herpes,52
train,LDL,50
train,albumin,49
train,androgen,48
train,CD4,47
train,Meniere,47
train,Turner,47
train,lycopen,47
train,Demodex,46
train,nicotin,46
train,Fallot,45
train,Lyme,45
train,acetylcholin,45
train,adrenalin,45
train,aVF,44
train,cytokin,44
train,corticosteron,43
train,Paget,41
train,adenovirus,41
train,parkison,41
train,Hippocrate,40
train,Ibuprofen,40
train,Nocardia,40
train,cocain,40
train,lutein,40
train,thalassemia,40
train,dopamin,39
train,lactic,39
train,Glasgow,38
train,Sjögren,37
train,adenosin,37
train,lactose,37
train,penicillin,37
train,atropin,36
train,botulinum,36
train,Amip,35
train,bicarbonat,35
train,glycogen,35
train,pemphigus,35
train,prednisone,35
train,quinolone,35
train,amalgam,34
train,glaucoma,34
train,Klinefelter,33
train,aceton,33
train,steroid,33
train,Chlamydia,32
train,Wilson,32
train,candesartan,32
train,pneumoniae,32
train,purin,32
train,Ebola,31
train,Fusarium,31
train,hocmon,31
train,phage,31
train,salicylic,31
train,Hashimoto,30
train,Norovirus,30
train,methionin,30
train,tetracyclin,30
train,Eisenmenger,29
train,Legionella,29
train,Salmonella,29
train,anserin,29
train,flavonoid,29
train,prolactin,29
train,threonine,29
train,colchicin,28
train,keto,28
train,modafinil,28
train,proteoglycan,28
train,Buerger,27
train,Francis,27
train,Klebsiella,27
train,cortisol,27
train,fructose,27
train,DiGeorge,26
train,amino,26
train,lactat,26
train,sarcoma,26
train,Baker,25
train,Gleason,25
train,Marek,25
train,lecithin,25
train,ANCA,24
train,Doppler,24
train,benzoic,24
train,carcinom,24
train,citrat,24
train,co,24
train,gastrin,24
train,DeBakey,23
train,Prader-Willi,23
train,carotenoit,23
train,fibrinogen,23
train,lipoic,23
train,Marfan,22
train,Mohs,22
train,Phenobarbital,22
train,nucleic,22
train,Capgras,21
train,RNA,21
train,apo,21
train,chloride,21
train,galactose,21
train,prion,21
train,progestin,21
train,Babesia,20
train,Ornithine,20
train,Virchow,20
train,adenosine,20
train,aldosteron,20
train,amyloid,20
train,peptide,20
train,shigella,20
train,strychnin,20
train,Cryptosporidium,19
train,Guyon,19
train,McCarthy,19
train,aminoglycoside,19
train,amylase,19
train,ferritin,19
train,retinol,19
train,ribosom,19
train,urat,19
train,B12,18
train,Berry,18
train,Huntington,18
train,Rett,18
train,aconitin,18
train,citrullin,18
train,cyclophosphamide,18
train,fibrin,18
train,interferon,18
train,myelin,18
train,nephron,18
train,oxalat,18
train,Bartter,17
train,REM,17
train,Schwann,17
train,Vater,17
train,acetyl,17
train,catheter,17
train,glycosid,17
train,hydrochloride,17
train,Barret,16
train,Calori,16
train,Ehlers-Danlos,16
train,Fanconi,16
train,Fontan,16
train,Golgi,16
train,Nipah,16
train,Raynaud,16
train,Ringer,16
train,acid,16
train,flavin,16
train,nitroglycerin,16
train,opioid,16
train,protease,16
train,Bethesda,15
train,Hartmann,15
train,Henle,15
train,Newcastle,15
train,Tarlov,15
train,Toxoplasma,15
train,cafein,15
train,doxycycline,15
train,elastin,15
train,glutathion,15
train,hemophili,15
train,B6,14
train,Bernard,14
train,Hunt,14
train,Takayasu,14
train,Warburg,14
train,catecholamin,14
train,cephalosporin,14
train,glycerin,14
train,glycerol,14
train,heparin,14
train,oxalate,14
train,porphyria,14
train,saccharose,14
train,Fitzpatrick,13
train,Fordyce,13
train,Patau,13
train,citric,13
train,morphin,13
train,phosphoric,13
train,pilocarpin,13
train,protit,13
train,secretin,13
train,Charnley,12
train,Clostridium,12
train,Horner,12
train,Langerhans,12
train,Madelung,12
train,Meckel,12
train,Naboth,12
train,Pasteur,12
train,Quincke,12
train,Sheehan,12
train,VA,12
train,Valsalva,12
train,dehydrogenase,12
train,hyalin,12
train,lipit,12
train,plasmodium,12
train,somatostatin,12
train,Balantidium,11
train,Borna,11
train,Gibson,11
train,Hodkin,11
train,Hutchinson,11
train,Lasègue,11
train,Quervain,11
train,acetaldehyde,11
train,acetylcystein,11
train,clorid,11
train,ehrlichia,11
train,hem,11
train,phenylalanin,11
train,pogonion,11
train,reductase,11
train,sialic,11
train,succinat,11
train,tic,11
train,Angiotensin,10
train,E. coli,10
train,Fowler,10
train,Jenner,10
train,Johnson,10
train,Lactate,10
train,Lister,10
train,Reye,10
train,Toxocara,10
train,Whipple,10
train,Wiskott-Aldrich,10
train,acetic,10
train,alcohol,10
train,amobarbital,10
train,bacillus,10
train,cholin,10
train,citrate,10
train,cortison,10
train,decarboxylase,10
train,glucoza,10
train,hematocrit,10
train,panh,10
train,peptit,10
train,phospholipid,10
train,proenzym,10
train,progesteron,10
train,renin,10
train,Behcet,9
train,CD8,9
train,Castleman,9
train,Flemming,9
train,Hayflick,9
train,Hoffa,9
train,Noonan,9
train,Pace,9
train,Vesalius,9
train,aminobenzoic,9
train,bacteriocin,9
train,basion,9
train,cimetidin,9
train,ligand,9
train,octreotide,9
train,synthase,9
train,synthetase,9
train,thiazid,9
train,Campylobacter,8
train,Heller,8
train,Howship-Romberg,8
train,II,8
train,Meissner,8
train,Peyronie,8
train,Richter,8
train,Somogyi,8
train,Verocay,8
train,Wegener,8
train,carnitin,8
train,cells,8
train,coronavirus,8
train,de Quervain,8
train,epinephrine,8
train,globin,8
train,glucagon,8
train,glycoprotein,8
train,hysteri,8
train,inositol,8
train,keratin,8
train,phenylceton,8
train,tryptophan,8
train,Aedes,7
train,Barraquer,7
train,Bell,7
train,COX-2,7
train,INR,7
train,Minamata,7
train,Mount,7
train,Pellagra,7
train,Peutz-Jeghers,7
train,Pompe,7
train,Pseudomonas,7
train,SLAP,7
train,acetat,7
train,arachidonic,7
train,argininosuccinic,7
train,brucella,7
train,catgut,7
train,clohydric,7
train,cystin,7
train,ester,7
train,glucan,7
train,glutamic,7
train,leptin,7
train,manitol,7
train,plasmin,7
train,solani,7
train,Apert,6
train,Babinski,6
train,Benedict,6
train,Bernard-Soulier,6
train,Broca,6
train,Duchenne,6
train,Glenn,6
train,Indole,6
train,Kimura,6
train,Klatskin,6
train,Koplik,6
train,Nile,6
train,Riemerella,6
train,Romberg,6
train,Rotavirus,6
train,Wellens,6
train,Wells,6
train,Williams,6
train,Zenker,6
train,Ziehl-Neelsen,6
train,buprenorphin,6
train,caroten,6
train,casein,6
train,ceramid,6
train,histidin,6
train,hormon,6
train,hydroclorid,6
train,kinase,6
train,lysin,6
train,methylene,6
train,monoxide,6
train,noradrenalin,6
train,oxyhemoglobin,6
train,tyrosine,6
train,vibrio,6
train,Apgar,5
train,Ebstein,5
train,Haglund,5
train,Kikuchi,5
train,Mallory-Weiss,5
train,Nielsen,5
train,PC,5
train,Sabin,5
train,Sweet,5
train,Trypanosoma,5
train,Wistar,5
train,benzoat,5
train,botilinum,5
train,fumarat,5
train,glycin,5
train,homocystin,5
train,mycobacterium,5
train,pseudoephedrin,5
train,ricin,5
train,sarcoid,5
train,thymin,5
train,transferrin,5
train,urobilin,5
train,Butyrate,4
train,Coombs,4
train,DEXA,4
train,Melkersson-Rosenthal,4
train,Nikolsky,4
train,Rivalta,4
train,butyrat,4
train,cacbohydrate,4
train,catalase,4
train,dextrin,4
train,isoleucin,4
train,norepinephrine,4
train,papaverin,4
train,ribosome,4
train,scorbut,4
train,vincristine,4
train,xanthin,4
train,Bowen,3
train,Lembert,3
train,Merkel,3
train,glucosid,3
train,immitis,3
train,trichomonas,3
train,Bartonella,2
train,Bowman,2
train,Brugada,2
train,Cajal,2
train,D3,2
train,Dirofilaria,2
train,Fabry,2
train,Fallop,2
train,Houston,2
train,Howell,2
train,Joseph,2
train,Kanner,2
train,Krebs,2
train,Morquio,2
train,Parvo,2
train,Pasteurella,2
train,Rhizoctonia,2
train,Riedel,2
train,SCID,2
train,Tyson,2
train,Urbach-Wiethe,2
train,Vinson,2
train,Wenckebach,2
train,Zollinger-Ellison,2
train,arecolin,2
train,aspartat,2
train,carboxyl,2
train,cholesteatoma,2
train,codein,2
train,cystein,2
train,echinocandin,2
train,falciparum,2
train,leucin,2
train,meropenem,2
train,mesalamine,2
train,monosaccharid,2
train,oleic,2
train,oxalic,2
train,polypeptide,2
train,polysaccharit,2
train,shunt,2
train,sphingolipid,2
train,tartaric,2
train,A3,1
train,B2,1
train,Baxter,1
train,Bazin,1
train,Bichat,1
train,Bifidobacterium,1
train,Bitot,1
train,Blaschko,1
train,Bochdalek,1
train,Bonnet,1
train,Bouveret,1
train,Boyer,1
train,Brown,1
train,Chiari,1
train,Corti,1
train,Culex,1
train,Darier,1
train,David,1
train,Douglas,1
train,ECHO,1
train,Fehling,1
train,Forbes,1
train,Freud,1
train,GNAS,1
train,Gartner,1
train,Gaucher,1
train,Gerson,1
train,Giemsa,1
train,Gillies,1
train,Glanzmann,1
train,Hawley,1
train,Hemangioma,1
train,Histoplasma,1
train,Horton,1
train,Ishihara,1
train,Isospora,1
train,Lallemand,1
train,Lamaze,1
train,Lane,1
train,Langhans,1
train,Lieberkuhn,1
train,Ludwig,1
train,MacConkey,1
train,Manson,1
train,McKenzie,1
train,Microsporum,1
train,Morita,1
train,Neri,1
train,Ogilvie,1
train,Onchocerca,1
train,Poirier,1
train,Russell,1
train,SV,1
train,Salk,1
train,Taipan,1
train,Thomas,1
train,Trichophiton,1
train,Voigt,1
train,Wada,1
train,Wernicke-Korsakoff,1
train,Wharton,1
train,Wolff-Parkinson-White,1
train,actin,1
train,adenin,1
train,aegypti,1
train,alpha-galactosidase,1
train,amidan,1
train,arginase,1
train,ase,1
train,asparagin,1
train,becberin,1
train,benzocain,1
train,bleomycin,1
train,candid,1
train,carcinôm,1
train,carnitine,1
train,cerebrosid,1
train,chitin,1
train,codon,1
train,creatin,1
train,cryoglobulin,1
train,cyclosporin,1
train,digitalin,1
train,ganglioside,1
train,globulin,1
train,gonadotropin,1
train,hapten,1
train,hemosiderin,1
train,hepatica,1
train,hyaluronidase,1
train,iod,1
train,leukotrien,1
train,leukotriene,1
train,lipopolysaccharid,1
train,macaca,1
train,maltose,1
train,methemoglobin,1
train,methotrexat,1
train,mineralocorticoid,1
train,myoglobin,1
train,nST,1
train,nucleoside,1
train,opsonin,1
train,palmitic,1
train,pentobarbital,1
train,propionic,1
train,purine,1
train,quinidin,1
train,retinoid,1
train,ribonucleotide,1
train,rifampin,1
train,rubeon,1
train,saccharomyces,1
train,salicylat,1
train,scopolamin,1
train,sucralfat,1
train,synap,1
train,tetani,1
train,triphosphate,1
train,valin,1
validation,virus,90
validation,gen,53
validation,oxy,51
validation,Vitamin,40
validation,colagen,39
validation,glucose,33
validation,inulin,24
validation,lipid,24
validation,vaccin,21
validation,corticoid,19
validation,hormone,19
validation,Candida,15
validation,Gram,15
validation,enzim,15
validation,caffein,14
validation,Rh,13
validation,lupus,13
validation,testosteron,12
validation,Parkinson,11
validation,arginin,11
validation,hemoglobin,11
validation,melanin,11
validation,paracetamol,11
validation,stent,11
validation,ADN,10
validation,CD4,10
validation,Guillain-Barré,10
validation,estrogen,10
validation,mRI,10
validation,polyp,10
validation,zona,10
validation,acetylcholin,9
validation,amin,9
validation,androgen,9
validation,migraine,9
validation,cafein,8
validation,coenzym,8
validation,cryptococcus,8
validation,penicillin,8
validation,vaselin,8
validation,Basedow,7
validation,Fallot,7
validation,Klinefelter,7
validation,LDL,7
validation,Sjögren,7
validation,amalgam,7
validation,anserin,7
validation,cells,7
validation,dopamin,7
validation,glucagon,7
validation,insulin,7
validation,lactose,7
validation,lutein,7
validation,nicotin,7
validation,uric,7
validation,Paget,6
validation,adenovirus,6
validation,creatinin,6
validation,lycopen,6
validation,pemphigus,6
validation,purin,6
validation,quinolone,6
validation,tetracyclin,6
validation,Bartholin,5
validation,Buerger,5
validation,Charnley,5
validation,Chlamydia,5
validation,Demodex,5
validation,Doppler,5
validation,Fusarium,5
validation,Glasgow,5
validation,Hunt,5
validation,Lyme,5
validation,Meniere,5
validation,Mohs,5
validation,Turner,5
validation,adrenalin,5
validation,apo,5
validation,botulinum,5
validation,carbohydrate,5
validation,citrullin,5
validation,cocain,5
validation,cyclophosphamide,5
validation,elastin,5
validation,enzym,5
validation,glycogen,5
validation,hocmon,5
validation,lactat,5
validation,lecithin,5
validation,lympho,5
validation,morphin,5
validation,phage,5
validation,phospholipid,5
validation,polysaccharide,5
validation,prolactin,5
validation,retinol,5
validation,salicylic,5
validation,Capgras,4
validation,Clostridium,4
validation,Eisenmenger,4
validation,Fontan,4
validation,Gleason,4
validation,Hashimoto,4
validation,Hippocrate,4
validation,Hodkin,4
validation,Ibuprofen,4
validation,Nipah,4
validation,Norovirus,4
validation,Vater,4
validation,Wiskott-Aldrich,4
validation,acetylcystein,4
validation,albumin,4
validation,bicarbonat,4
validation,citrate,4
validation,cortisol,4
validation,cytokin,4
validation,nitroglycerin,4
validation,pogonion,4
validation,progestin,4
validation,saccharose,4
validation,shigella,4
validation,strychnin,4
validation,succinat,4
validation,taurin,4
validation,thalassemia,4
validation,Bell,3
validation,Berry,3
validation,DiGeorge,3
validation,Dirofilaria,3
validation,Ehlers-Danlos,3
validation,Francis,3
validation,Lactate,3
validation,Marek,3
validation,Marfan,3
validation,Newcastle,3
validation,Nocardia,3
validation,RNA,3
validation,Rett,3
validation,Ringer,3
validation,Salmonella,3
validation,Sheehan,3
validation,Wilson,3
validation,aceton,3
validation,acetyl,3
validation,adenosin,3
validation,amino,3
validation,amylase,3
validation,candesartan,3
validation,carcinom,3
validation,carotenoit,3
validation,casein,3
validation,cephalosporin,3
validation,colchicin,3
validation,dehydrogenase,3
validation,fructose,3
validation,gastrin,3
validation,immitis,3
validation,isoleucin,3
validation,nephron,3
validation,nucleic,3
validation,parkison,3
validation,peptide,3
validation,pilocarpin,3
validation,plasmin,3
validation,pneumoniae,3
validation,prednisone,3
validation,prion,3
validation,sarcoma,3
validation,threonine,3
validation,transferrin,3
validation,xanthin,3
validation,A3,2
validation,ANCA,2
validation,Aedes,2
validation,B2,2
validation,B6,2
validation,Babesia,2
validation,Baker,2
validation,Bartonella,2
validation,Bernard,2
validation,Bernard-Soulier,2
validation,Bethesda,2
validation,Bichat,2
validation,Bifidobacterium,2
validation,Bochdalek,2
validation,Bonnet,2
validation,Bouveret,2
validation,Bowman,2
validation,Brugada,2
validation,Butyrate,2
validation,CD8,2
validation,Cajal,2
validation,Corti,2
validation,Cryptosporidium,2
validation,D3,2
validation,Darier,2
validation,David,2
validation,DeBakey,2
validation,ECHO,2
validation,Ebola,2
validation,Fabry,2
validation,Fallop,2
validation,Fanconi,2
validation,Forbes,2
validation,Fowler,2
validation,GNAS,2
validation,Gartner,2
validation,Gerson,2
validation,Glanzmann,2
validation,Golgi,2
validation,Guyon,2
validation,Hawley,2
validation,Horton,2
validation,Houston,2
validation,Howell,2
validation,Jenner,2
validation,Johnson,2
validation,Joseph,2
validation,Kanner,2
validation,Kikuchi,2
validation,Klatskin,2
validation,Klebsiella,2
validation,Krebs,2
validation,Lamaze,2
validation,Langerhans,2
validation,Langhans,2
validation,Legionella,2
validation,Lieberkuhn,2
validation,MacConkey,2
validation,Madelung,2
validation,Melkersson-Rosenthal,2
validation,Morquio,2
validation,Neri,2
validation,Nielsen,2
validation,Ogilvie,2
validation,Onchocerca,2
validation,Ornithine,2
validation,Parvo,2
validation,Pasteurella,2
validation,Peyronie,2
validation,Phenobarbital,2
validation,Reye,2
validation,Rhizoctonia,2
validation,Riedel,2
validation,SCID,2
validation,SV,2
validation,Thomas,2
validation,Toxoplasma,2
validation,Trichophiton,2
validation,Tyson,2
validation,Urbach-Wiethe,2
validation,VA,2
validation,Valsalva,2
validation,Vinson,2
validation,Wegener,2
validation,Wenckebach,2
validation,Wernicke-Korsakoff,2
validation,Zollinger-Ellison,2
validation,aVF,2
validation,adenin,2
validation,aegypti,2
validation,aldosteron,2
validation,aminoglycoside,2
validation,amyloid,2
validation,arecolin,2
validation,asparagin,2
validation,atropin,2
validation,becberin,2
validation,benzoat,2
validation,benzoic,2
validation,bleomycin,2
validation,cacbohydrate,2
validation,carboxyl,2
validation,carcinôm,2
validation,carnitine,2
validation,catalase,2
validation,catecholamin,2
validation,cholesteatoma,2
validation,citrat,2
validation,citric,2
validation,clohydric,2
validation,codein,2
validation,corticosteron,2
validation,creatin,2
validation,cyclosporin,2
validation,cystein,2
validation,echinocandin,2
validation,epinephrine,2
validation,falciparum,2
validation,ferritin,2
validation,fibrin,2
validation,flavonoid,2
validation,fumarat,2
validation,galactose,2
validation,glaucoma,2
validation,globulin,2
validation,glucosid,2
validation,glutathion,2
validation,glycosid,2
validation,gonadotropin,2
validation,hepatica,2
validation,hyaluronidase,2
validation,iod,2
validation,lactic,2
validation,leucin,2
validation,leukotrien,2
validation,lipit,2
validation,macaca,2
validation,meropenem,2
validation,mesalamine,2
validation,methemoglobin,2
validation,methotrexat,2
validation,monosaccharid,2
validation,mycobacterium,2
validation,noradrenalin,2
validation,norepinephrine,2
validation,octreotide,2
validation,oleic,2
validation,oxalic,2
validation,papaverin,2
validation,pentobarbital,2
validation,phenylceton,2
validation,phosphoric,2
validation,polypeptide,2
validation,polysaccharit,2
validation,proenzym,2
validation,protease,2
validation,proteoglycan,2
validation,protit,2
validation,purine,2
validation,ribosom,2
validation,ribosome,2
validation,rifampin,2
validation,saccharomyces,2
validation,shunt,2
validation,sphingolipid,2
validation,sucralfat,2
validation,synap,2
validation,tartaric,2
validation,tetani,2
validation,thiazid,2
validation,thymin,2
validation,tic,2
validation,triphosphate,2
validation,tryptophan,2
validation,urat,2
validation,urobilin,2
validation,vincristine,2
validation,Apert,1
validation,Apgar,1
validation,B12,1
validation,Barret,1
validation,Bartter,1
validation,Baxter,1
validation,Bazin,1
validation,Bitot,1
validation,Blaschko,1
validation,Bowen,1
validation,Boyer,1
validation,Brown,1
validation,Calori,1
validation,Campylobacter,1
validation,Castleman,1
validation,Chiari,1
validation,Coombs,1
validation,Culex,1
validation,DEXA,1
validation,Douglas,1
validation,E. coli,1
validation,Fehling,1
validation,Fitzpatrick,1
validation,Flemming,1
validation,Freud,1
validation,Gaucher,1
validation,Gibson,1
validation,Giemsa,1
validation,Gillies,1
validation,Haglund,1
validation,Hartmann,1
validation,Hayflick,1
validation,Hemangioma,1
validation,Histoplasma,1
validation,Hoffa,1
validation,Hutchinson,1
validation,Ishihara,1
validation,Isospora,1
validation,Lallemand,1
validation,Lane,1
validation,Ludwig,1
validation,Mallory-Weiss,1
validation,Manson,1
validation,McKenzie,1
validation,Meckel,1
validation,Microsporum,1
validation,Minamata,1
validation,Morita,1
validation,Naboth,1
validation,PC,1
validation,Pasteur,1
validation,Patau,1
validation,Pellagra,1
validation,Poirier,1
validation,Prader-Willi,1
validation,Pseudomonas,1
validation,REM,1
validation,Raynaud,1
validation,Riemerella,1
validation,Romberg,1
validation,Russell,1
validation,Sabin,1
validation,Salk,1
validation,Sweet,1
validation,Taipan,1
validation,Takayasu,1
validation,Trypanosoma,1
validation,Virchow,1
validation,Voigt,1
validation,Wada,1
validation,Warburg,1
validation,Wellens,1
validation,Wells,1
validation,Wharton,1
validation,Wolff-Parkinson-White,1
validation,Zenker,1
validation,Ziehl-Neelsen,1
validation,acetaldehyde,1
validation,acetat,1
validation,acid,1
validation,aconitin,1
validation,actin,1
validation,adenosine,1
validation,alcohol,1
validation,alpha-galactosidase,1
validation,amidan,1
validation,amobarbital,1
validation,arachidonic,1
validation,arginase,1
validation,argininosuccinic,1
validation,ase,1
validation,bacillus,1
validation,basion,1
validation,benzocain,1
validation,botilinum,1
validation,candid,1
validation,carnitin,1
validation,caroten,1
validation,catheter,1
validation,ceramid,1
validation,cerebrosid,1
validation,chitin,1
validation,chloride,1
validation,cholin,1
validation,cimetidin,1
validation,co,1
validation,codon,1
validation,coronavirus,1
validation,cortison,1
validation,cryoglobulin,1
validation,decarboxylase,1
validation,dextrin,1
validation,digitalin,1
validation,doxycycline,1
validation,ehrlichia,1
validation,fibrinogen,1
validation,ganglioside,1
validation,globin,1
validation,glycerin,1
validation,glycerol,1
validation,glycin,1
validation,glycoprotein,1
validation,hapten,1
validation,hemosiderin,1
validation,herpes,1
validation,homocystin,1
validation,hyalin,1
validation,hydrochloride,1
validation,hysteri,1
validation,interferon,1
validation,keto,1
validation,leukotriene,1
validation,lipoic,1
validation,lipopolysaccharid,1
validation,lysin,1
validation,maltose,1
validation,manitol,1
validation,methionin,1
validation,mineralocorticoid,1
validation,modafinil,1
validation,myoglobin,1
validation,nST,1
validation,nucleoside,1
validation,opioid,1
validation,opsonin,1
validation,oxyhemoglobin,1
validation,palmitic,1
validation,panh,1
validation,peptit,1
validation,phenylalanin,1
validation,plasmodium,1
validation,porphyria,1
validation,propionic,1
validation,quinidin,1
validation,retinoid,1
validation,ribonucleotide,1
validation,ricin,1
validation,rubeon,1
validation,salicylat,1
validation,sarcoid,1
validation,scopolamin,1
validation,sialic,1
validation,somatostatin,1
validation,synthetase,1
validation,valin,1
